{"stats":{"minecraft:killed_by":{"undead_revamp2:the_moonflower":2,"minecraft:stray":7,"minecraft:creeper":1,"minecraft:spider":2,"born_in_chaos_v1:zombie_fisherman":1,"iceandfire:sea_serpent":2,"cataclysm:deepling":1,"minecraft:silverfish":2,"minecraft:cave_spider":3,"minecraft:skeleton":11,"minecraft:zombie":34,"born_in_chaos_v1:corpse_fish":1,"undead_revamp2:thesmoker":1,"iceandfire:ghost":3},"minecraft:picked_up":{"minecraft:fishing_rod":1,"minecraft:crafting_table":1,"minecraft:iron_chestplate":1,"minecraft:chicken":1,"minecraft:lead":1,"minecraft:wooden_pickaxe":1,"minecraft:potion":3,"minecraft:enchanted_book":1,"tombstone:grave_key":1,"minecraft:shield":2,"epicfight:stray_pants":4,"iceandfire:sea_serpent_scales_blue":10,"minecraft:string":2,"minecraft:iron_axe":1,"minecraft:iron_leggings":3,"minecraft:zombie_head":3,"minecraft:cracked_stone_bricks":1,"minecraft:diamond_leggings":1,"dynamictrees:oak_seed":11,"minecraft:egg":4,"minecraft:golden_helmet":1,"minecraft:stick":252,"iceandfire:ghost_chest":1,"minecraft:torch":2,"epicfight:skillbook":3,"iceandfire:rotten_egg":1,"tombstone:grave_dust":2,"minecraft:carrot":1,"minecraft:golden_chestplate":2,"minecraft:quartz_block":1,"minecraft:stone_sword":2,"minecraft:arrow":26,"minecraft:rotten_flesh":48,"minecraft:gold_ingot":7,"epicfight:stray_robe":1,"minecraft:obsidian":5,"minecraft:mutton":2,"minecraft:cod":3,"minecraft:iron_bars":12,"undead_revamp2:arapholia":2,"alexsmobs:flying_fish":5,"minecraft:cobblestone":152,"minecraft:birch_log":38,"born_in_chaos_v1:corpse_maggot":33,"minecraft:feather":2,"iceandfire:sea_serpent_fang":9,"minecraft:leather":1,"minecraft:potato":2,"minecraft:birch_planks":1,"minecraft:oak_log":24,"minecraft:lily_pad":1,"minecraft:golden_boots":2,"minecraft:lapis_lazuli":49,"minecraft:dirt":834,"minecraft:paper":6,"minecraft:white_banner":1,"tombstone:gift":1,"minecraft:name_tag":1,"minecraft:cooked_mutton":2,"minecraft:bone":12,"minecraft:stone_bricks":2,"minecraft:bow":4,"minecraft:wheat_seeds":4,"minecraft:iron_ingot":1,"tombstone:tablet_of_guard":1,"dynamictrees:birch_seed":18,"minecraft:pitcher_pod":12,"minecraft:torchflower_seeds":3,"minecraft:gravel":5,"minecraft:white_bed":4,"minecraft:dark_oak_log":15,"minecraft:spider_eye":5,"minecraft:bundle":1,"cataclysm:lionfish":1,"minecraft:chainmail_leggings":1,"minecraft:diamond_axe":6,"minecraft:bone_meal":1,"minecraft:chainmail_helmet":2,"tombstone:magic_scroll":1,"born_in_chaos_v1:rotten_fish":1,"minecraft:netherrack":42,"minecraft:black_wool":1,"minecraft:crimson_roots":1},"minecraft:custom":{"minecraft:mob_kills":85,"minecraft:interact_with_crafting_table":23,"minecraft:damage_dealt_resisted":231,"minecraft:eat_cake_slice":1,"minecraft:leave_game":11,"minecraft:time_since_death":1525,"minecraft:climb_one_cm":5515,"minecraft:damage_resisted":4,"minecraft:sprint_one_cm":1120651,"minecraft:walk_one_cm":920778,"minecraft:damage_blocked_by_shield":6908,"minecraft:drop":71,"minecraft:damage_dealt_absorbed":18,"minecraft:play_time":164844,"minecraft:sneak_time":4458,"minecraft:deaths":73,"minecraft:walk_under_water_one_cm":23285,"minecraft:jump":2812,"minecraft:walk_on_water_one_cm":49381,"minecraft:total_world_time":164844,"minecraft:interact_with_furnace":9,"tombstone:raider_killed":4,"minecraft:sleep_in_bed":10,"minecraft:time_since_rest":1492,"minecraft:damage_taken":19945,"minecraft:damage_absorbed":116,"tombstone:sneak_grave":3,"minecraft:trigger_trapped_chest":12,"minecraft:damage_dealt":12486,"tombstone:cast_on_ally":1,"minecraft:swim_one_cm":151054,"minecraft:fly_one_cm":907085,"minecraft:open_chest":182,"minecraft:crouch_one_cm":27118,"tombstone:undead_killed":38,"minecraft:fish_caught":7,"minecraft:fall_one_cm":37354},"minecraft:broken":{"minecraft:golden_helmet":1,"epicfight:stray_pants":1,"minecraft:golden_boots":2,"minecraft:shield":2,"epicfight:stray_robe":1,"minecraft:golden_chestplate":1},"minecraft:crafted":{"minecraft:oak_planks":36,"minecraft:furnace":1,"minecraft:flint_and_steel":1,"minecraft:diamond_helmet":1,"tombstone:grave_key":1,"minecraft:stone_pickaxe":1,"minecraft:chest":4,"minecraft:dark_oak_planks":60,"minecraft:cooked_cod":2,"minecraft:diamond_sword":1,"minecraft:crafting_table":6,"minecraft:wooden_pickaxe":1,"minecraft:birch_planks":28,"minecraft:stone_axe":1,"minecraft:air":0,"minecraft:iron_chestplate":1,"minecraft:shield":2,"minecraft:stick":4,"minecraft:stone_sword":2},"minecraft:killed":{"minecraft:cave_spider":1,"minecraft:spider":9,"undead_revamp2:thesmoker":1,"born_in_chaos_v1:maggot":3,"minecraft:skeleton":9,"minecraft:chicken":1,"minecraft:silverfish":8,"born_in_chaos_v1:corpse_fish":1,"cataclysm:lionfish":1,"undead_revamp2:thespitter":1,"cataclysm:deepling_angler":1,"born_in_chaos_v1:swarmer":1,"undead_revamp2:the_moonflower":4,"minecraft:bat":1,"minecraft:sheep":1,"born_in_chaos_v1:bloody_gadfly":1,"minecraft:pillager":4,"minecraft:zombie":18,"iceandfire:ghost":2,"born_in_chaos_v1:corpse_fly":9,"minecraft:stray":2,"iceandfire:sea_serpent":1},"minecraft:used":{"epicfight:stray_pants":3,"minecraft:stone_sword":15,"minecraft:flint_and_steel":4,"minecraft:chest":4,"minecraft:iron_sword":189,"minecraft:shield":95,"minecraft:rotten_flesh":2,"minecraft:netherrack":25,"minecraft:iron_chestplate":1,"minecraft:torch":4,"minecraft:dirt":216,"minecraft:mutton":4,"tombstone:scroll_of_aquatic_life":4,"minecraft:diamond_helmet":3,"minecraft:golden_chestplate":1,"minecraft:obsidian":5,"born_in_chaos_v1:corpse_maggot":1,"epicfight:stray_robe":1,"minecraft:iron_axe":2,"minecraft:iron_boots":1,"minecraft:stone_bricks":2,"minecraft:bow":35,"minecraft:furnace":1,"minecraft:cooked_cod":2,"tombstone:gift":10,"undead_revamp2:arapholia":1,"minecraft:egg":3,"minecraft:potato":2,"minecraft:iron_leggings":4,"minecraft:golden_boots":1,"minecraft:cooked_mutton":2,"epicfight:skillbook":5,"minecraft:birch_planks":1,"minecraft:stone_pickaxe":15,"farmersdelight:golden_knife":5,"minecraft:wooden_pickaxe":19,"minecraft:chainmail_helmet":1,"minecraft:diamond_axe":14,"minecraft:golden_apple":1,"minecraft:crafting_table":7,"minecraft:white_bed":4,"alexsmobs:flying_fish":1,"minecraft:black_wool":1,"minecraft:diamond_shovel":835,"minecraft:diamond_pickaxe":213,"minecraft:apple":2,"minecraft:zombie_head":1,"minecraft:gravel":2,"minecraft:stone_axe":13,"minecraft:golden_leggings":2,"minecraft:golden_helmet":1,"minecraft:diamond_sword":58,"minecraft:fishing_rod":41,"minecraft:potion":4,"minecraft:cobblestone":13,"born_in_chaos_v1:rotten_fish":1,"minecraft:birch_log":12,"minecraft:diamond_leggings":31,"minecraft:golden_pickaxe":10},"minecraft:mined":{"minecraft:white_bed":4,"minecraft:mossy_cobblestone":3,"minecraft:obsidian":3,"minecraft:nether_bricks":2,"minecraft:grass_block":445,"minecraft:crimson_roots":1,"minecraft:kelp":3,"minecraft:spawner":17,"minecraft:magma_block":1,"minecraft:mossy_cobblestone_stairs":1,"minecraft:fire":3,"minecraft:mossy_stone_brick_stairs":1,"minecraft:vine":1,"minecraft:iron_bars":13,"minecraft:stone":155,"minecraft:quartz_block":5,"minecraft:kelp_plant":1,"minecraft:crafting_table":1,"iceandfire:ghost_chest":1,"minecraft:tall_grass":2,"minecraft:cobblestone":1,"minecraft:lapis_ore":6,"minecraft:birch_log":1,"minecraft:stone_brick_stairs":1,"minecraft:grass":40,"minecraft:coal_ore":6,"minecraft:zombie_head":1,"minecraft:gravel":5,"minecraft:dirt":379,"minecraft:cracked_stone_bricks":1,"minecraft:zombie_wall_head":1,"minecraft:stone_bricks":2,"minecraft:netherrack":34,"minecraft:mossy_stone_bricks":1},"minecraft:dropped":{"minecraft:enchanted_book":1,"minecraft:diamond_axe":2,"minecraft:wheat_seeds":1,"minecraft:lapis_lazuli":6,"dynamictrees:birch_seed":17,"minecraft:glass_bottle":4,"cataclysm:lionfish":1,"minecraft:pitcher_pod":6,"minecraft:feather":2,"minecraft:cobblestone":3,"minecraft:chainmail_helmet":1,"minecraft:stick":93,"tombstone:grave_key":2,"minecraft:crimson_roots":1,"tombstone:grave_dust":1,"minecraft:iron_leggings":4,"minecraft:chainmail_leggings":1,"minecraft:paper":6,"epicfight:stray_pants":3,"minecraft:bone":18,"dynamictrees:oak_seed":3,"minecraft:golden_chestplate":2,"minecraft:stone_sword":1,"minecraft:rotten_flesh":28,"minecraft:name_tag":1,"minecraft:carrot":1,"minecraft:shield":3,"born_in_chaos_v1:corpse_maggot":20,"minecraft:leather_boots":1,"minecraft:iron_bars":7,"minecraft:bow":2,"iceandfire:sea_serpent_scales_blue":10,"minecraft:wooden_pickaxe":1,"minecraft:netherrack":17}},"DataVersion":3465}