{"stats":{"minecraft:crafted":{"minecraft:iron_axe":1,"minecraft:crafting_table":1,"minecraft:stick":16,"minecraft:stone_pickaxe":1,"minecraft:wooden_pickaxe":1,"minecraft:iron_pickaxe":1,"minecraft:iron_sword":2,"minecraft:jungle_planks":36},"minecraft:custom":{"minecraft:time_since_rest":329,"minecraft:sprint_one_cm":4254,"minecraft:walk_one_cm":111636,"minecraft:fly_one_cm":131,"minecraft:interact_with_crafting_table":5,"minecraft:open_barrel":1,"minecraft:open_chest":8,"minecraft:play_time":13051,"minecraft:jump":79,"minecraft:leave_game":1,"minecraft:time_since_death":13051,"minecraft:sleep_in_bed":1,"minecraft:climb_one_cm":3543,"minecraft:total_world_time":13051,"minecraft:fall_one_cm":1045},"minecraft:mined":{"minecraft:dark_oak_planks":2,"minecraft:birch_planks":1,"minecraft:furnace":4,"minecraft:red_bed":2,"minecraft:iron_ore":11,"minecraft:crafting_table":3,"minecraft:coal_ore":26,"minecraft:sand":2,"minecraft:dirt":1,"minecraft:cobweb":4,"minecraft:cobblestone":3,"minecraft:stone":63,"minecraft:wall_torch":4,"minecraft:fern":1},"minecraft:picked_up":{"minecraft:dark_oak_door":1,"minecraft:raw_iron":11,"minecraft:stick":2,"minecraft:crafting_table":3,"minecraft:jungle_log":9,"minecraft:torch":4,"minecraft:birch_planks":1,"minecraft:sand":2,"skilltree:gem":2,"minecraft:dirt":1,"minecraft:string":4,"minecraft:red_bed":2,"minecraft:dark_oak_planks":2,"dynamictrees:jungle_seed":3,"minecraft:coal":26,"minecraft:cobblestone":66,"minecraft:furnace":4},"minecraft:used":{"minecraft:iron_axe":1,"minecraft:stone_pickaxe":102,"minecraft:iron_pickaxe":4,"minecraft:wooden_pickaxe":3,"minecraft:iron_sword":5,"minecraft:dirt":1,"minecraft:cobblestone":9,"minecraft:crafting_table":3,"dynamictrees:jungle_seed":3}},"DataVersion":3465}