{"stats":{"minecraft:mined":{"minecraft:mossy_cobblestone":2,"minecraft:nether_bricks":10,"minecraft:coal_block":43,"minecraft:spawner":56,"minecraft:chiseled_stone_bricks":1,"minecraft:furnace":1,"minecraft:red_sandstone":16,"minecraft:nether_brick_stairs":4,"minecraft:vine":1,"minecraft:iron_bars":26,"minecraft:quartz_block":3,"minecraft:crafting_table":7,"minecraft:torch":2,"minecraft:wall_torch":2,"minecraft:lime_bed":2,"minecraft:coarse_dirt":1,"minecraft:grass":1,"minecraft:oak_log":1,"minecraft:gravel":1,"minecraft:cracked_stone_bricks":8,"minecraft:cut_red_sandstone":1,"minecraft:stone_bricks":1,"minecraft:netherrack":1,"minecraft:mossy_stone_bricks":5},"minecraft:used":{"minecraft:iron_bars":8,"minecraft:iron_sword":252,"minecraft:torch":118,"minecraft:chiseled_red_sandstone":1,"iceandfire:copper_sword":22,"minecraft:red_sandstone_stairs":3,"minecraft:iron_boots":1,"minecraft:cooked_beef":9,"tombstone:scroll_of_mercy":1,"minecraft:water_bucket":5,"epicfight:skillbook":5,"minecraft:mossy_stone_bricks":4,"minecraft:glass_bottle":1,"minecraft:chainmail_helmet":1,"minecraft:cracked_stone_bricks":16,"minecraft:crafting_table":7,"minecraft:lime_bed":2,"iceandfire:silver_axe":14,"minecraft:oak_log":1,"iceandfire:silver_pickaxe":146,"minecraft:diamond_pickaxe":34,"minecraft:red_sandstone":65,"born_in_chaos_v1:monster_flesh":1,"minecraft:bread":1,"minecraft:cut_red_sandstone":41,"minecraft:chiseled_stone_bricks":1,"minecraft:diamond_sword":139,"minecraft:potion":7,"minecraft:bucket":6},"minecraft:custom":{"minecraft:blood":0,"minecraft:mob_kills":77,"minecraft:dexterity":5,"minecraft:interact_with_crafting_table":9,"minecraft:damage_dealt_resisted":554,"minecraft:leave_game":3,"minecraft:time_since_death":19731,"minecraft:climb_one_cm":3031,"minecraft:damage_resisted":23,"minecraft:mana":180,"minecraft:magic_shield":0,"minecraft:sprint_one_cm":655650,"minecraft:walk_one_cm":538071,"minecraft:drop":31,"minecraft:health":270,"minecraft:play_time":110305,"minecraft:deaths":6,"minecraft:sneak_time":2397,"minecraft:walk_under_water_one_cm":15221,"minecraft:jump":981,"minecraft:energy":160,"minecraft:walk_on_water_one_cm":17841,"minecraft:total_world_time":110305,"minecraft:interact_with_furnace":1,"minecraft:intelligence":7,"minecraft:move_speed":0,"minecraft:sleep_in_bed":1,"minecraft:levels_gained":7,"minecraft:time_since_rest":19486,"minecraft:damage_taken":6161,"minecraft:damage_absorbed":2979,"minecraft:trigger_trapped_chest":1,"minecraft:damage_dealt":12390,"tombstone:cast_on_ally":0,"minecraft:swim_one_cm":17967,"minecraft:fly_one_cm":333793,"minecraft:open_chest":137,"minecraft:crouch_one_cm":11387,"tombstone:undead_killed":43,"minecraft:strength":28,"minecraft:fall_one_cm":8415},"minecraft:crafted":{"minecraft:oak_planks":52,"tombstone:grave_key":1,"iceandfire:silver_axe":1,"minecraft:coal_block":7,"minecraft:crafting_table":1,"minecraft:iron_sword":2,"minecraft:gold_block":25,"minecraft:golden_apple":1,"iceandfire:silver_pickaxe":1},"minecraft:killed_by":{"born_in_chaos_v1:corpse_fly":1,"creeperoverhaul:cave_creeper":1,"born_in_chaos_v1:decrepit_skeleton":1,"iceandfire:ghost":2,"born_in_chaos_v1:dread_hound":1},"minecraft:dropped":{"minecraft:nether_brick_stairs":2,"minecraft:golden_boots":1,"mmorpg:invisible_item":2,"minecraft:iron_sword":2,"minecraft:glass_bottle":1,"minecraft:crossbow":1,"minecraft:iron_helmet":2,"mmorpg:skill_gems/support/int":2,"minecraft:chainmail_helmet":1,"tombstone:grave_dust":1,"minecraft:potion":1,"minecraft:iron_leggings":1,"minecraft:redstone":1,"dynamictrees:oak_seed":35,"tombstone:gift":1,"minecraft:rotten_flesh":3,"minecraft:nether_bricks":5,"undead_revamp2:bostroxingot":1,"minecraft:leather_boots":1,"minecraft:iron_bars":3,"mmorpg:jewelry/ring/iron":1},"minecraft:killed":{"undead_revamp2:thewolf":1,"minecraft:spider":3,"born_in_chaos_v1:maggot":7,"minecraft:skeleton":15,"minecraft:silverfish":2,"born_in_chaos_v1:spirit_guide":1,"born_in_chaos_v1:swarmer":2,"born_in_chaos_v1:spirit_guide_assistant":3,"iceandfire:troll":1,"born_in_chaos_v1:dread_hound_not_despawn":1,"born_in_chaos_v1:decrepit_skeleton":1,"minecraft:zombie":15,"iceandfire:ghost":1,"born_in_chaos_v1:corpse_fly":11,"minecraft:stray":3,"minecraft:wither_skeleton":1},"minecraft:picked_up":{"undead_revamp2:bostroxingot":1,"minecraft:crafting_table":7,"minecraft:iron_chestplate":1,"minecraft:chainmail_boots":2,"minecraft:red_sandstone_stairs":3,"mmorpg:jewelry/ring/iron":5,"minecraft:shield":1,"minecraft:string":5,"minecraft:iron_leggings":2,"minecraft:cracked_stone_bricks":7,"minecraft:diamond_leggings":1,"minecraft:red_sand":3,"dynamictrees:oak_seed":35,"minecraft:coal_block":42,"mmorpg:offhand/tome/iron":2,"minecraft:iron_boots":6,"minecraft:furnace":1,"minecraft:tipped_arrow":3,"minecraft:stick":57,"minecraft:torch":5,"epicfight:skillbook":2,"mmorpg:jewelry/necklace/iron":2,"tombstone:grave_dust":4,"mmorpg:skill_gems/support/int":2,"minecraft:redstone":1,"minecraft:quartz_block":2,"minecraft:arrow":26,"minecraft:rotten_flesh":15,"minecraft:nether_bricks":9,"minecraft:diamond_boots":1,"mmorpg:currency/level_up_orb":1,"tombstone:essence_of_undeath":1,"minecraft:iron_bars":21,"born_in_chaos_v1:corpse_maggot":23,"minecraft:lime_bed":2,"minecraft:oak_log":45,"minecraft:golden_boots":1,"minecraft:leather_boots":1,"minecraft:bone":26,"minecraft:stone_bricks":1,"minecraft:bow":9,"minecraft:red_sandstone":28,"minecraft:mossy_stone_bricks":5,"minecraft:diamond_helmet":1,"mmorpg:invisible_item":3,"minecraft:iron_sword":7,"mmorpg:skill_gems/support/str":2,"minecraft:chiseled_stone_bricks":1,"minecraft:gravel":1,"minecraft:nether_brick_stairs":5,"mmorpg:weapon/staff/wood":10,"minecraft:mossy_cobblestone":2,"minecraft:cut_red_sandstone":1,"minecraft:bundle":2,"minecraft:slime_ball":1,"mmorpg:gems/ruby/0":1,"minecraft:chainmail_leggings":1,"minecraft:iron_helmet":2,"minecraft:crossbow":1,"minecraft:chiseled_red_sandstone":5,"minecraft:netherrack":1,"minecraft:coal":5,"mmorpg:offhand/dodge/iron":7}},"DataVersion":3465}