{"stats":{"minecraft:killed_by":{"undead_revamp2:the_moonflower":2,"minecraft:stray":6,"minecraft:creeper":2,"minecraft:spider":3,"iceandfire:sea_serpent":4,"minecraft:silverfish":3,"minecraft:cave_spider":1,"minecraft:skeleton":7,"minecraft:zombie":39,"iceandfire:ghost":9,"undead_revamp2:theheavy":1},"minecraft:picked_up":{"minecraft:iron_chestplate":1,"minecraft:crafting_table":15,"minecraft:wheat":3,"minecraft:creeper_head":1,"born_in_chaos_v1:seedof_chaos":1,"minecraft:brown_mushroom":24,"minecraft:gold_block":2,"mowziesmobs:glowing_jelly":10,"tombstone:grave_key":1,"born_in_chaos_v1:bloody_gadfly_eye":1,"iceandfire:sea_serpent_scales_blue":10,"born_in_chaos_v1:black_argillite":3,"minecraft:string":50,"minecraft:red_bed":12,"minecraft:iron_axe":2,"epicfight:stray_hat":2,"minecraft:red_nether_bricks":1,"minecraft:iron_leggings":1,"minecraft:zombie_head":3,"minecraft:beetroot":5,"minecraft:cracked_stone_bricks":3,"dynamictrees:dark_oak_seed":5,"dynamictrees:oak_seed":4,"minecraft:sugar_cane":2,"minecraft:coal_block":20,"minecraft:egg":2,"minecraft:furnace":3,"minecraft:tipped_arrow":4,"minecraft:stick":115,"minecraft:torch":7,"sophisticatedbackpacks:backpack":1,"epicfight:skillbook":4,"tombstone:grave_dust":21,"born_in_chaos_v1:pieceofdarkmetal":2,"minecraft:carrot":12,"minecraft:golden_chestplate":3,"minecraft:dark_oak_planks":35,"minecraft:quartz_block":8,"minecraft:stone_sword":2,"minecraft:arrow":59,"minecraft:rotten_flesh":81,"minecraft:beetroot_seeds":8,"minecraft:nether_bricks":6,"tombstone:essence_of_undeath":1,"minecraft:mutton":5,"minecraft:obsidian":4,"undead_revamp2:arapholia":1,"minecraft:iron_bars":9,"minecraft:white_wool":8,"minecraft:cobblestone":147,"minecraft:birch_log":5,"born_in_chaos_v1:corpse_maggot":7,"minecraft:magma_block":2,"minecraft:feather":6,"minecraft:cooked_beef":20,"minecraft:smoker":1,"minecraft:black_bed":1,"minecraft:leather":6,"minecraft:dark_oak_boat":1,"minecraft:red_mushroom":7,"minecraft:birch_planks":4,"alexsmobs:bison_fur":1,"undead_revamp2:huntereye":1,"minecraft:oak_log":27,"minecraft:gunpowder":4,"minecraft:cobblestone_stairs":1,"minecraft:dirt":19,"minecraft:cooked_mutton":2,"minecraft:leather_boots":1,"minecraft:bone":111,"minecraft:chipped_anvil":1,"undead_revamp2:blacpetalblock":2,"minecraft:bow":1,"minecraft:wheat_seeds":2,"born_in_chaos_v1:chipped_black_argillite_brick":1,"minecraft:iron_ingot":3,"dynamictrees:birch_seed":5,"minecraft:cooked_chicken":5,"tombstone:bag_of_seeds":2,"minecraft:mossy_stone_bricks":1,"minecraft:glass_bottle":1,"minecraft:soul_sand":2,"minecraft:cooked_porkchop":6,"minecraft:pumpkin":20,"born_in_chaos_v1:ethereal_spirit":1,"minecraft:nether_brick_stairs":6,"minecraft:white_bed":1,"minecraft:crying_obsidian":2,"minecraft:dark_oak_log":99,"minecraft:spider_eye":5,"undead_revamp2:heavytooth":1,"minecraft:bundle":1,"minecraft:slime_ball":1,"waystones:waystone":1,"minecraft:chainmail_leggings":2,"minecraft:bone_meal":3,"minecraft:golden_apple":6,"minecraft:bread":2,"iceandfire:gorgon_head":1,"tombstone:magic_scroll":3,"born_in_chaos_v1:rotten_fish":1,"minecraft:netherrack":50,"minecraft:black_wool":5,"minecraft:coal":14},"minecraft:custom":{"minecraft:interact_with_anvil":1,"minecraft:mob_kills":230,"minecraft:interact_with_crafting_table":37,"minecraft:open_barrel":28,"minecraft:damage_dealt_resisted":1330,"minecraft:leave_game":3,"minecraft:time_since_death":20742,"minecraft:climb_one_cm":6675,"minecraft:sprint_one_cm":1445726,"minecraft:walk_one_cm":1248387,"minecraft:damage_blocked_by_shield":4321,"minecraft:drop":93,"minecraft:damage_dealt_absorbed":72,"minecraft:talked_to_villager":1,"minecraft:play_time":216887,"minecraft:sneak_time":3863,"minecraft:deaths":79,"minecraft:walk_under_water_one_cm":47233,"minecraft:boat_one_cm":9135,"minecraft:jump":5159,"minecraft:walk_on_water_one_cm":57057,"minecraft:total_world_time":216887,"minecraft:interact_with_furnace":1,"minecraft:sleep_in_bed":6,"minecraft:time_since_rest":18753,"minecraft:damage_absorbed":282,"minecraft:damage_taken":29368,"minecraft:trigger_trapped_chest":12,"minecraft:damage_dealt":40151,"minecraft:swim_one_cm":263944,"minecraft:fly_one_cm":1672511,"minecraft:open_chest":118,"minecraft:crouch_one_cm":16852,"tombstone:undead_killed":114,"minecraft:interact_with_smoker":5,"minecraft:fall_one_cm":106298},"minecraft:broken":{"minecraft:stone_sword":1,"minecraft:iron_chestplate":1,"minecraft:chainmail_helmet":2,"minecraft:golden_leggings":1,"minecraft:shield":1,"minecraft:leather_boots":1,"epicfight:stray_hat":2},"minecraft:crafted":{"minecraft:oak_planks":28,"minecraft:dark_oak_boat":1,"minecraft:mushroom_stew":24,"iceandfire:tide_blue_chestplate":1,"minecraft:iron_axe":1,"minecraft:ladder":51,"minecraft:stone_pickaxe":1,"minecraft:dark_oak_planks":28,"minecraft:smoker":1,"sophisticatedbackpacks:iron_backpack":1,"minecraft:coal_block":7,"minecraft:crafting_table":5,"iceandfire:blindfold":1,"minecraft:wooden_pickaxe":1,"minecraft:baked_potato":10,"minecraft:iron_sword":1,"minecraft:bowl":20,"sophisticatedbackpacks:gold_backpack":1,"minecraft:bucket":1,"minecraft:birch_planks":20,"minecraft:stone_axe":1,"minecraft:air":0,"minecraft:golden_apple":8,"minecraft:shield":1,"minecraft:stick":16,"minecraft:iron_pickaxe":1,"minecraft:iron_block":3,"minecraft:stone_sword":2,"minecraft:black_bed":1,"minecraft:anvil":1,"minecraft:white_bed":1,"minecraft:shears":1},"minecraft:killed":{"minecraft:cave_spider":8,"undead_revamp2:thehunter":1,"born_in_chaos_v1:door_knight_not_despawn":2,"iceandfire:gorgon":1,"minecraft:spider":23,"undead_revamp2:thesmoker":2,"born_in_chaos_v1:maggot":19,"minecraft:skeleton":17,"minecraft:chicken":5,"minecraft:silverfish":14,"alexsmobs:bison":1,"born_in_chaos_v1:corpse_fish":2,"minecraft:drowned":1,"undead_revamp2:thespitter":1,"minecraft:pig":2,"undead_revamp2:the_moonflower":9,"minecraft:bat":1,"minecraft:creeper":3,"born_in_chaos_v1:decrepit_skeleton":4,"arthropocolypse:stag_beetle":1,"mowziesmobs:lantern":9,"minecraft:sheep":4,"minecraft:zombie":44,"iceandfire:ghost":19,"born_in_chaos_v1:corpse_fly":3,"minecraft:stray":11,"born_in_chaos_v1:door_knight":2,"minecraft:cow":3},"minecraft:used":{"minecraft:iron_bars":3,"minecraft:stone_sword":211,"undead_revamp2:blacpetalblock":1,"minecraft:shield":38,"minecraft:iron_sword":221,"minecraft:cooked_chicken":5,"minecraft:netherrack":17,"minecraft:torch":111,"minecraft:soul_sand":2,"minecraft:dirt":19,"minecraft:anvil":1,"minecraft:nether_bricks":6,"minecraft:obsidian":5,"minecraft:nether_brick_stairs":3,"mowziesmobs:glowing_jelly":4,"born_in_chaos_v1:corpse_maggot":1,"born_in_chaos_v1:smoked_flesh":3,"minecraft:iron_axe":38,"dynamictrees:birch_seed":5,"undead_revamp2:huntereye":1,"minecraft:golden_sword":13,"minecraft:magma_block":1,"minecraft:dark_oak_boat":1,"tombstone:gift":2,"dynamictrees:dark_oak_seed":5,"minecraft:cooked_beef":32,"mowziesmobs:foliaath_seed":3,"minecraft:water_bucket":9,"epicfight:skillbook":7,"minecraft:birch_planks":10,"minecraft:stone_pickaxe":165,"minecraft:baked_potato":6,"minecraft:wooden_pickaxe":3,"minecraft:white_wool":2,"minecraft:cracked_stone_bricks":1,"minecraft:golden_apple":9,"minecraft:crafting_table":19,"minecraft:mushroom_stew":22,"minecraft:red_bed":11,"minecraft:white_bed":2,"minecraft:black_bed":1,"minecraft:smoker":1,"tombstone:bag_of_seeds":1,"minecraft:diamond_pickaxe":135,"minecraft:apple":1,"minecraft:zombie_head":1,"minecraft:bread":7,"minecraft:iron_pickaxe":16,"tombstone:magic_scroll":3,"minecraft:stone_axe":11,"minecraft:diamond_sword":306,"minecraft:potion":2,"minecraft:cobblestone":51,"born_in_chaos_v1:rotten_fish":1,"minecraft:cooked_porkchop":6,"minecraft:bucket":10,"minecraft:cobweb":17},"minecraft:mined":{"minecraft:crying_obsidian":2,"minecraft:white_bed":1,"minecraft:mossy_cobblestone":2,"minecraft:cobblestone_stairs":1,"farmersdelight:wild_carrots":11,"minecraft:obsidian":5,"born_in_chaos_v1:dark_metal_deposit":2,"minecraft:grass_block":18,"born_in_chaos_v1:black_argillite":3,"minecraft:coal_block":22,"minecraft:red_mushroom":7,"minecraft:chiseled_stone_bricks":1,"minecraft:spawner":35,"dynamictrees:oak_leaves":1,"minecraft:magma_block":3,"minecraft:furnace":3,"minecraft:pumpkin":21,"minecraft:nether_brick_stairs":2,"minecraft:gold_block":2,"minecraft:vine":7,"minecraft:iron_bars":12,"minecraft:stone":123,"minecraft:brown_mushroom":24,"minecraft:quartz_block":13,"minecraft:red_bed":11,"minecraft:smoker":1,"minecraft:crafting_table":16,"minecraft:torch":1,"minecraft:cobblestone":24,"born_in_chaos_v1:chipped_black_argillite_brick":1,"farmersdelight:wild_beetroots":8,"minecraft:birch_planks":4,"farmersdelight:sandy_shrub":2,"minecraft:black_bed":1,"born_in_chaos_v1:black_argillite_brick":3,"minecraft:grass":12,"minecraft:infested_mossy_stone_bricks":1,"minecraft:dirt":1,"minecraft:cobweb":24,"minecraft:cracked_stone_bricks":2,"minecraft:chipped_anvil":1,"minecraft:stone_bricks":2,"minecraft:netherrack":45,"minecraft:mossy_stone_bricks":1},"minecraft:dropped":{"minecraft:golden_boots":1,"minecraft:birch_planks":1,"minecraft:wheat_seeds":3,"minecraft:golden_helmet":1,"minecraft:glass_bottle":2,"minecraft:pitcher_pod":6,"minecraft:apple":1,"minecraft:leather":1,"born_in_chaos_v1:pieceofdarkmetal":2,"alexsmobs:bison_fur":1,"minecraft:golden_apple":6,"minecraft:mushroom_stew":2,"minecraft:stick":11,"minecraft:cobweb":3,"tombstone:bag_of_seeds":1,"minecraft:dark_oak_log":88,"born_in_chaos_v1:black_argillite":3,"minecraft:zombie_head":2,"tombstone:grave_dust":10,"minecraft:bone_meal":3,"minecraft:iron_axe":1,"undead_revamp2:blacpetalblock":1,"minecraft:chainmail_leggings":2,"minecraft:dark_oak_planks":46,"minecraft:bone":24,"minecraft:redstone":1,"minecraft:sugar_cane":2,"dynamictrees:oak_seed":4,"minecraft:golden_chestplate":3,"minecraft:stone_sword":1,"minecraft:bowl":13,"minecraft:obsidian":1,"undead_revamp2:arapholia":1,"minecraft:beetroot":5,"minecraft:rotten_flesh":58,"minecraft:name_tag":1,"minecraft:cooked_mutton":2,"minecraft:torchflower_seeds":3,"minecraft:carrot":11,"minecraft:chainmail_chestplate":1,"mowziesmobs:glowing_jelly":2,"minecraft:bundle":1,"born_in_chaos_v1:corpse_maggot":1,"minecraft:spider_eye":2,"minecraft:slime_ball":1,"minecraft:iron_bars":5,"minecraft:arrow":4,"minecraft:wooden_pickaxe":1,"epicfight:skillbook":1,"minecraft:egg":2}},"DataVersion":3465}