{"stats":{"minecraft:killed_by":{"born_in_chaos_v1:corpse_fly":1,"iceandfire:ghost":2},"minecraft:killed":{"born_in_chaos_v1:swarmer":1,"minecraft:spider":1,"born_in_chaos_v1:dread_hound_not_despawn":1,"born_in_chaos_v1:decrepit_skeleton":1,"born_in_chaos_v1:maggot":3,"minecraft:skeleton":1,"minecraft:zombie":2,"iceandfire:ghost":1,"born_in_chaos_v1:corpse_fly":1,"minecraft:stray":1},"minecraft:mined":{"minecraft:crafting_table":1,"minecraft:torch":1,"minecraft:wall_torch":1,"minecraft:spawner":2,"minecraft:coarse_dirt":1,"minecraft:furnace":1,"minecraft:grass":1,"minecraft:oak_log":1,"minecraft:vine":1,"minecraft:iron_bars":4},"minecraft:custom":{"minecraft:blood":0,"minecraft:interact_with_furnace":1,"minecraft:mob_kills":15,"minecraft:dexterity":0,"minecraft:intelligence":0,"minecraft:move_speed":0,"minecraft:interact_with_crafting_table":3,"minecraft:damage_dealt_resisted":70,"minecraft:leave_game":2,"minecraft:time_since_death":12949,"minecraft:climb_one_cm":42,"minecraft:levels_gained":3,"minecraft:mana":70,"minecraft:time_since_rest":10550,"minecraft:magic_shield":0,"minecraft:sprint_one_cm":127991,"minecraft:walk_one_cm":117338,"minecraft:damage_taken":1328,"minecraft:damage_absorbed":1000,"minecraft:trigger_trapped_chest":1,"minecraft:drop":8,"minecraft:damage_dealt":2413,"minecraft:health":115,"tombstone:cast_on_ally":0,"minecraft:fly_one_cm":118497,"minecraft:open_chest":19,"minecraft:play_time":34960,"tombstone:undead_killed":7,"minecraft:deaths":3,"minecraft:jump":322,"minecraft:energy":70,"minecraft:strength":5,"minecraft:total_world_time":34960,"minecraft:fall_one_cm":4075},"minecraft:crafted":{"iceandfire:silver_axe":1,"minecraft:oak_planks":52,"minecraft:crafting_table":1,"iceandfire:silver_pickaxe":1},"minecraft:used":{"epicfight:skillbook":1,"minecraft:iron_bars":2,"minecraft:iron_sword":55,"minecraft:torch":5,"minecraft:crafting_table":1,"iceandfire:copper_sword":16,"iceandfire:silver_axe":8,"iceandfire:silver_pickaxe":7,"minecraft:oak_log":1,"minecraft:red_sandstone":2,"born_in_chaos_v1:monster_flesh":1,"minecraft:cooked_beef":2},"minecraft:dropped":{"dynamictrees:oak_seed":35,"tombstone:gift":1,"mmorpg:skill_gems/support/int":1,"tombstone:grave_dust":1},"minecraft:picked_up":{"born_in_chaos_v1:corpse_maggot":6,"minecraft:crafting_table":1,"minecraft:chainmail_boots":1,"minecraft:oak_log":45,"minecraft:shield":1,"minecraft:string":2,"minecraft:bone":11,"minecraft:bow":3,"dynamictrees:oak_seed":35,"minecraft:furnace":1,"minecraft:iron_sword":1,"minecraft:iron_boots":1,"minecraft:tipped_arrow":1,"minecraft:stick":57,"minecraft:torch":2,"epicfight:skillbook":1,"mmorpg:jewelry/necklace/iron":1,"tombstone:grave_dust":1,"mmorpg:weapon/staff/wood":5,"mmorpg:skill_gems/support/int":1,"minecraft:arrow":3,"minecraft:rotten_flesh":4,"minecraft:coal":4,"mmorpg:offhand/dodge/iron":3,"minecraft:iron_bars":4}},"DataVersion":3465}