{"stats":{"minecraft:killed":{"minecraft:zombie":2,"iceandfire:ghost":1,"born_in_chaos_v1:corpse_fly":1,"born_in_chaos_v1:swarmer":1,"minecraft:stray":1,"minecraft:spider":1,"born_in_chaos_v1:dread_hound_not_despawn":1,"born_in_chaos_v1:decrepit_skeleton":1,"born_in_chaos_v1:maggot":3},"minecraft:dropped":{"dynamictrees:oak_seed":35,"tombstone:gift":1,"tombstone:grave_dust":1,"mmorpg:skill_gems/support/int":1},"minecraft:custom":{"minecraft:time_since_rest":1,"minecraft:blood":0,"minecraft:magic_shield":0,"minecraft:sprint_one_cm":95186,"minecraft:damage_taken":1187,"minecraft:walk_one_cm":90179,"minecraft:damage_absorbed":862,"minecraft:trigger_trapped_chest":1,"minecraft:mob_kills":14,"minecraft:drop":8,"minecraft:dexterity":0,"minecraft:intelligence":0,"minecraft:damage_dealt":2221,"tombstone:cast_on_ally":0,"minecraft:health":105,"minecraft:move_speed":0,"minecraft:interact_with_crafting_table":3,"minecraft:fly_one_cm":107200,"minecraft:open_chest":13,"minecraft:play_time":23577,"tombstone:undead_killed":6,"minecraft:deaths":3,"minecraft:damage_dealt_resisted":70,"minecraft:jump":298,"minecraft:energy":70,"minecraft:leave_game":1,"minecraft:time_since_death":1566,"minecraft:strength":3,"minecraft:total_world_time":23577,"minecraft:climb_one_cm":42,"minecraft:levels_gained":3,"minecraft:fall_one_cm":3740,"minecraft:mana":70},"minecraft:killed_by":{"born_in_chaos_v1:corpse_fly":1,"iceandfire:ghost":2},"minecraft:mined":{"minecraft:coarse_dirt":1,"minecraft:crafting_table":1,"minecraft:torch":1,"minecraft:grass":1,"minecraft:oak_log":1,"minecraft:vine":1,"minecraft:iron_bars":2,"minecraft:wall_torch":1,"minecraft:spawner":2},"minecraft:crafted":{"iceandfire:silver_axe":1,"minecraft:oak_planks":52,"minecraft:crafting_table":1,"iceandfire:silver_pickaxe":1},"minecraft:picked_up":{"minecraft:stick":57,"minecraft:crafting_table":1,"minecraft:chainmail_boots":1,"minecraft:torch":2,"epicfight:skillbook":1,"mmorpg:jewelry/necklace/iron":1,"minecraft:oak_log":45,"tombstone:grave_dust":1,"minecraft:shield":1,"mmorpg:weapon/staff/wood":5,"mmorpg:skill_gems/support/int":1,"minecraft:string":2,"minecraft:arrow":1,"minecraft:bone":10,"minecraft:rotten_flesh":4,"minecraft:bow":2,"dynamictrees:oak_seed":35,"minecraft:tipped_arrow":1,"mmorpg:offhand/dodge/iron":3,"minecraft:iron_boots":1,"minecraft:iron_bars":2,"minecraft:iron_sword":1,"born_in_chaos_v1:corpse_maggot":6},"minecraft:used":{"minecraft:oak_log":1,"iceandfire:silver_pickaxe":4,"epicfight:skillbook":1,"minecraft:iron_bars":2,"born_in_chaos_v1:monster_flesh":1,"minecraft:iron_sword":48,"minecraft:torch":1,"iceandfire:copper_sword":16,"minecraft:crafting_table":1,"minecraft:cooked_beef":1,"iceandfire:silver_axe":8}},"DataVersion":3465}