{"stats":{"minecraft:picked_up":{"minecraft:birch_door":1,"minecraft:wheat":57,"illagerinvasion:platinum_chunk":25,"minecraft:smithing_table":1,"minecraft:oak_stairs":1,"minecraft:enchanted_book":1,"born_in_chaos_v1:holiday_candy":23,"minecraft:string":14,"minecraft:gold_nugget":3,"minecraft:spruce_planks":3,"illusion_onslaught:arcane_powder":9,"dynamictrees:oak_seed":56,"born_in_chaos_v1:stimulating_decoction":3,"minecraft:deepslate_tile_wall":11,"minecraft:coal_block":12,"minecraft:furnace":3,"minecraft:tipped_arrow":3,"minecraft:stick":107,"born_in_chaos_v1:shattered_skull":3,"mowziesmobs:sol_visage":1,"minecraft:torch":3,"minecraft:spruce_stairs":1,"epicfight:skillbook":7,"minecraft:porkchop":12,"tombstone:grave_dust":12,"minecraft:brown_carpet":1,"minecraft:rotten_flesh":55,"minecraft:iron_block":4,"minecraft:carved_pumpkin":1,"alexsmobs:emu_egg":3,"born_in_chaos_v1:cultivated_pumpkin":4,"epicfight:stray_robe":1,"minecraft:obsidian":1,"minecraft:iron_bars":5,"undead_revamp2:arapholia":1,"minecraft:cobblestone":31,"born_in_chaos_v1:staffof_magic_arrows":1,"minecraft:feather":15,"born_in_chaos_v1:spiritual_dust":4,"minecraft:smoker":3,"minecraft:potato":1,"alexsmobs:bison_fur":20,"minecraft:dirt":8,"born_in_chaos_v1:monster_skin":3,"minecraft:bone":41,"minecraft:bow":2,"minecraft:wheat_seeds":4,"minecraft:oak_planks":8,"minecraft:cooked_porkchop":1,"minecraft:poisonous_potato":1,"minecraft:cyan_bed":4,"minecraft:grass_block":1,"minecraft:lily_of_the_valley":1,"minecraft:barrel":1,"minecraft:dark_oak_log":2,"minecraft:bundle":2,"minecraft:iron_hoe":1,"waystones:waystone":1,"minecraft:golden_apple":2,"minecraft:spruce_sign":1,"minecraft:emerald":35,"minecraft:netherrack":49,"minecraft:charcoal":4,"minecraft:crafting_table":8,"minecraft:allium":4,"minecraft:clay_ball":10,"born_in_chaos_v1:seedof_chaos":8,"minecraft:gold_block":1,"born_in_chaos_v1:fired_black_argillite":2,"epicfight:stray_pants":1,"minecraft:iron_axe":2,"takesapillage:ravager_horn":3,"minecraft:beef":170,"minecraft:iron_nugget":31,"minecraft:egg":6,"minecraft:oak_door":2,"minecraft:bowl":1,"born_in_chaos_v1:pieceofdarkmetal":1,"minecraft:redstone":4,"mowziesmobs:umvuthana_mask_faith":4,"minecraft:arrow":43,"minecraft:weeping_vines":1,"minecraft:peony":1,"minecraft:hay_block":119,"mowziesmobs:umvuthana_mask_bliss":5,"tombstone:essence_of_undeath":1,"minecraft:mutton":1,"minecraft:white_wool":1,"born_in_chaos_v1:corpse_maggot":4,"minecraft:basalt":47,"born_in_chaos_v1:monster_flesh":4,"born_in_chaos_v1:pumpkin_staff":1,"minecraft:tripwire_hook":1,"minecraft:salmon":1,"minecraft:leather":14,"minecraft:mushroom_stew":1,"minecraft:oak_log":100,"iceandfire:ectoplasm":2,"minecraft:gunpowder":2,"minecraft:paper":6,"minecraft:white_banner":8,"born_in_chaos_v1:soul_cutlass":1,"mowziesmobs:umvuthana_mask_rage":4,"tombstone:bag_of_seeds":1,"minecraft:glass_bottle":1,"minecraft:iron_sword":2,"mowziesmobs:umvuthana_mask_misery":5,"minecraft:book":2,"born_in_chaos_v1:death_totem":1,"born_in_chaos_v1:orbofthe_summoner":2,"born_in_chaos_v1:ethereal_spirit":4,"minecraft:gravel":1,"minecraft:blast_furnace":4,"minecraft:white_bed":1,"minecraft:crying_obsidian":1,"minecraft:pumpkin_seeds":24,"minecraft:purple_bed":4,"born_in_chaos_v1:tombstone_dark_titan_066":1,"mowziesmobs:umvuthana_mask_fear":5,"tombstone:magic_scroll":1,"minecraft:coal":19},"minecraft:mined":{"minecraft:dark_oak_planks":2,"born_in_chaos_v1:cultivated_pumpkin":4,"minecraft:spruce_planks":3,"minecraft:white_bed":1,"minecraft:obsidian":1,"minecraft:deepslate_tile_wall":12,"minecraft:grass_block":4,"minecraft:coal_block":12,"minecraft:spawner":25,"minecraft:weeping_vines_plant":1,"minecraft:iron_bars":6,"minecraft:oak_stairs":1,"minecraft:iron_block":4,"minecraft:smoker":3,"minecraft:torch":3,"minecraft:blast_furnace":4,"minecraft:cobblestone":14,"minecraft:cyan_bed":4,"minecraft:oak_planks":8,"born_in_chaos_v1:tombstone_dark_titan_066":1,"born_in_chaos_v1:fired_black_argillite":2,"minecraft:grass":39,"minecraft:oak_log":3,"minecraft:dirt":4,"minecraft:tripwire_hook":1,"born_in_chaos_v1:infernal_evil_pumpkin_s":1,"minecraft:netherrack":49,"minecraft:crying_obsidian":1,"minecraft:dark_oak_log":2,"minecraft:weeping_vines":1,"minecraft:hay_block":119,"minecraft:furnace":3,"minecraft:peony":1,"minecraft:gold_block":1,"minecraft:stone":17,"minecraft:smithing_table":1,"minecraft:glass_pane":1,"minecraft:lily_of_the_valley":1,"minecraft:brown_carpet":1,"minecraft:basalt":52,"minecraft:crafting_table":8,"minecraft:campfire":2,"minecraft:tall_grass":13,"minecraft:spruce_stairs":1,"minecraft:purple_bed":6,"minecraft:coal_ore":3,"minecraft:gravel":1,"minecraft:cobweb":2},"minecraft:custom":{"minecraft:interact_with_crafting_table":15,"minecraft:open_barrel":101,"minecraft:bell_ring":3,"minecraft:leave_game":1,"minecraft:time_since_death":8979,"minecraft:damage_resisted":200,"minecraft:sprint_one_cm":891934,"minecraft:drop":69,"minecraft:talked_to_villager":2,"minecraft:play_time":175081,"minecraft:deaths":30,"minecraft:jump":3394,"minecraft:interact_with_brewingstand":5,"minecraft:walk_on_water_one_cm":6288,"minecraft:interact_with_furnace":5,"minecraft:interact_with_cartography_table":1,"minecraft:sleep_in_bed":10,"minecraft:waystone_activated":1,"minecraft:damage_dealt":77699,"minecraft:crouch_one_cm":13883,"tombstone:undead_killed":98,"tombstone:villager_killed":1,"minecraft:interact_with_smoker":15,"minecraft:interact_with_smithing_table":2,"minecraft:mob_kills":298,"minecraft:damage_dealt_resisted":9345,"minecraft:climb_one_cm":18620,"minecraft:walk_one_cm":1087972,"minecraft:damage_dealt_absorbed":14,"minecraft:sneak_time":3039,"minecraft:walk_under_water_one_cm":3026,"minecraft:interact_with_blast_furnace":10,"minecraft:total_world_time":175081,"tombstone:raider_killed":99,"minecraft:tune_noteblock":3,"minecraft:raid_trigger":2,"minecraft:interact_with_grindstone":1,"minecraft:time_since_rest":8781,"minecraft:damage_taken":14319,"minecraft:damage_absorbed":40,"tombstone:cast_on_ally":0,"minecraft:swim_one_cm":28458,"minecraft:fly_one_cm":1455424,"minecraft:open_chest":112,"minecraft:fall_one_cm":83397},"minecraft:broken":{"minecraft:golden_boots":1,"takesapillage:ravager_horn":2,"minecraft:iron_sword":1,"minecraft:iron_helmet":1},"minecraft:killed":{"illagerinvasion:archivist":2,"minecraft:cave_spider":4,"born_in_chaos_v1:mr_pumpkin":3,"minecraft:witch":6,"born_in_chaos_v1:restless_spirit":1,"born_in_chaos_v1:sir_the_headless":1,"born_in_chaos_v1:pumpkin_spirit":1,"mowziesmobs:umvuthi":1,"minecraft:spider":4,"born_in_chaos_v1:baby_skeleton_minion":8,"illagerinvasion:basher":6,"minecraft:skeleton":19,"illagerinvasion:provoker":3,"born_in_chaos_v1:supreme_bonescaller_stage_2":2,"illagerinvasion:inquisitor":1,"illagerinvasion:necromancer":1,"minecraft:pig":6,"illagerinvasion:alchemist":2,"minecraft:creeper":1,"minecraft:sheep":1,"minecraft:pillager":42,"minecraft:zombie":18,"born_in_chaos_v1:dread_hound":4,"minecraft:stray":7,"takesapillage:archer":5,"minecraft:cow":12,"undead_revamp2:theimmortal":3,"alexsmobs:raccoon":1,"born_in_chaos_v1:zombie_clown_not_despawn":1,"takesapillage:legioner":1,"minecraft:vindicator":13,"illagerinvasion:marauder":5,"born_in_chaos_v1:skeleton_thrasher_not_despawn":1,"born_in_chaos_v1:maggot":5,"born_in_chaos_v1:pumpkinhead":1,"takesapillage:clay_golem":3,"alexsmobs:bison":22,"undead_revamp2:sucker":1,"mowziesmobs:umvuthana":11,"born_in_chaos_v1:barrel_zombie":1,"born_in_chaos_v1:spiritof_chaos":1,"born_in_chaos_v1:felsteed":1,"minecraft:husk":20,"born_in_chaos_v1:bone_imp_minion":8,"takesapillage:skirmisher":9,"undead_revamp2:the_moonflower":3,"minecraft:frog":3,"minecraft:ravager":3,"born_in_chaos_v1:decrepit_skeleton":1,"alexsmobs:emu":2,"undead_revamp2:thesomnolence":3,"iceandfire:ghost":2,"born_in_chaos_v1:bonescaller_not_despawn":3,"minecraft:villager":1,"minecraft:enderman":1},"minecraft:used":{"minecraft:iron_sword":639,"minecraft:allium":2,"born_in_chaos_v1:soul_cutlass":2,"minecraft:obsidian":4,"minecraft:bow":3,"minecraft:egg":5,"minecraft:golden_boots":1,"epicfight:skillbook":6,"minecraft:stone_pickaxe":29,"minecraft:oak_planks":45,"minecraft:leather_chestplate":1,"minecraft:wooden_pickaxe":6,"minecraft:chainmail_helmet":1,"minecraft:diamond_axe":34,"minecraft:white_wool":1,"minecraft:golden_apple":1,"minecraft:mushroom_stew":29,"minecraft:blast_furnace":1,"minecraft:cyan_bed":3,"minecraft:bread":58,"tombstone:grave_key":6,"minecraft:gravel":1,"minecraft:stone_sword":141,"minecraft:flint_and_steel":1,"minecraft:carved_pumpkin":1,"minecraft:stone_hoe":73,"minecraft:torch":17,"minecraft:dirt":7,"minecraft:iron_hoe":48,"minecraft:basalt":7,"tombstone:gift":4,"undead_revamp2:arapholia":1,"minecraft:iron_leggings":1,"tombstone:scroll_of_mercy":1,"tombstone:scroll_of_knowledge":1,"minecraft:spruce_sign":1,"minecraft:crafting_table":10,"minecraft:white_bed":1,"minecraft:smoker":3,"minecraft:diamond_pickaxe":173,"minecraft:iron_pickaxe":6,"tombstone:magic_scroll":2,"minecraft:leather_helmet":1,"minecraft:stone_axe":27,"minecraft:cobblestone":17,"minecraft:potion":3,"minecraft:purple_bed":4,"minecraft:cooked_porkchop":5,"minecraft:bucket":1,"minecraft:pumpkin_pie":36,"takesapillage:ravager_horn":2},"minecraft:crafted":{"minecraft:oak_planks":72,"minecraft:iron_boots":1,"minecraft:chest":1,"minecraft:stone_hoe":1,"minecraft:smoker":3,"sophisticatedbackpacks:backpack":1,"minecraft:crafting_table":3,"minecraft:wooden_pickaxe":1,"minecraft:iron_helmet":1,"minecraft:hay_block":10,"minecraft:iron_chestplate":1,"minecraft:stick":12,"minecraft:iron_ingot":18,"minecraft:iron_pickaxe":1,"minecraft:stone_sword":2,"farmersdelight:potato_crate":4,"born_in_chaos_v1:pieceofdarkmetal":36,"minecraft:leather":10,"minecraft:iron_hoe":1,"minecraft:stone_pickaxe":1,"sophisticatedbackpacks:iron_backpack":1,"minecraft:cooked_beef":170,"farmersdelight:onion_crate":2,"minecraft:iron_sword":2,"sophisticatedbackpacks:gold_backpack":1,"minecraft:stone_axe":1,"minecraft:air":0,"minecraft:iron_leggings":1,"minecraft:torch":24},"minecraft:killed_by":{"minecraft:ravager":2,"minecraft:vindicator":2,"minecraft:zombie":1,"born_in_chaos_v1:supreme_bonescaller_stage_2":2,"minecraft:husk":4,"takesapillage:legioner":1,"takesapillage:skirmisher":1,"illagerinvasion:inquisitor":2,"minecraft:skeleton":11,"born_in_chaos_v1:skeleton_thrasher_not_despawn":1,"illagerinvasion:marauder":1},"minecraft:dropped":{"minecraft:iron_sword":1,"minecraft:deepslate_tile_wall":2,"iceandfire:ectoplasm":2,"alexsmobs:bison_fur":5,"minecraft:mutton":1,"minecraft:gold_nugget":3,"minecraft:oak_door":2,"dynamictrees:oak_seed":43,"minecraft:wheat":53,"tombstone:gift":1,"minecraft:rotten_flesh":11,"minecraft:salmon":1,"born_in_chaos_v1:corpse_maggot":2,"minecraft:basalt":40,"minecraft:netherrack":49,"minecraft:enchanted_book":3,"minecraft:bread":2,"minecraft:wheat_seeds":2,"minecraft:poisonous_potato":1,"minecraft:book":2,"illagerinvasion:platinum_chunk":16,"tombstone:grave_dust":2,"minecraft:iron_leggings":1,"minecraft:white_banner":5,"minecraft:paper":6,"minecraft:redstone":4,"minecraft:stone_sword":1,"minecraft:bowl":7,"minecraft:clay_ball":5,"minecraft:pumpkin_seeds":24,"minecraft:allium":1,"minecraft:iron_chestplate":1,"minecraft:barrel":1,"minecraft:wooden_pickaxe":1,"epicfight:skillbook":5}},"DataVersion":3465}