{"stats":{"minecraft:broken":{"minecraft:chainmail_leggings":1,"minecraft:stone_sword":1,"minecraft:leather_boots":1},"minecraft:dropped":{"tombstone:grave_dust":1,"minecraft:redstone":1},"minecraft:killed_by":{"minecraft:piglin_brute":22,"minecraft:creeper":1},"minecraft:used":{"minecraft:iron_bars":2,"minecraft:stone_sword":129,"minecraft:polished_andesite":1,"minecraft:baked_potato":1,"minecraft:spruce_planks":28,"minecraft:wooden_pickaxe":20,"minecraft:stone_axe":17,"minecraft:torch":16,"minecraft:dirt":1,"minecraft:lime_bed":8,"tombstone:gift":2,"minecraft:cooked_beef":1},"minecraft:custom":{"minecraft:time_since_rest":720,"minecraft:damage_absorbed":302,"minecraft:interact_with_furnace":1,"minecraft:sprint_one_cm":127732,"minecraft:damage_taken":5703,"minecraft:walk_one_cm":148923,"minecraft:mob_kills":41,"minecraft:drop":2,"minecraft:damage_dealt":4939,"minecraft:interact_with_crafting_table":4,"minecraft:fly_one_cm":233043,"minecraft:open_chest":13,"minecraft:crouch_one_cm":12753,"minecraft:play_time":24186,"tombstone:undead_killed":25,"minecraft:deaths":23,"minecraft:sneak_time":4057,"minecraft:walk_under_water_one_cm":389,"minecraft:damage_dealt_resisted":90,"minecraft:jump":458,"minecraft:leave_game":1,"minecraft:walk_on_water_one_cm":10929,"minecraft:time_since_death":1041,"minecraft:total_world_time":24186,"minecraft:inspect_dispenser":1,"minecraft:fall_one_cm":3865},"minecraft:crafted":{"minecraft:spruce_planks":48,"minecraft:stick":16,"minecraft:wooden_pickaxe":1,"minecraft:stone_sword":2,"minecraft:stone_axe":1},"minecraft:mined":{"minecraft:red_terracotta":4,"minecraft:lime_bed":9,"minecraft:spruce_planks":5,"minecraft:furnace":1,"minecraft:spruce_log":12,"minecraft:crafting_table":1,"minecraft:grass_block":2,"minecraft:iron_bars":2,"minecraft:dirt":1,"minecraft:polished_andesite":1,"minecraft:stone":7,"minecraft:spawner":3},"minecraft:killed":{"minecraft:zombie":24,"minecraft:zombie_villager":1,"minecraft:spider":2,"minecraft:piglin_brute":1,"minecraft:creeper":1,"born_in_chaos_v1:maggot":12},"minecraft:picked_up":{"born_in_chaos_v1:corpse_maggot":4,"minecraft:lime_bed":9,"minecraft:crafting_table":1,"minecraft:gunpowder":2,"tombstone:grave_dust":2,"minecraft:spruce_log":12,"minecraft:red_terracotta":4,"minecraft:dirt":3,"minecraft:string":14,"minecraft:polished_andesite":1,"minecraft:stone_shovel":1,"minecraft:rotten_flesh":25,"minecraft:spruce_planks":5,"minecraft:chainmail_leggings":1,"tombstone:magic_scroll":1,"minecraft:iron_bars":2,"minecraft:furnace":1,"minecraft:cobblestone":7}},"DataVersion":3465}