{"stats":{"minecraft:used":{"minecraft:poppy":1,"minecraft:shield":1,"minecraft:iron_sword":608,"minecraft:rotten_flesh":8,"minecraft:nether_bricks":1,"minecraft:allium":1,"minecraft:weeping_vines":1,"minecraft:honey_bottle":6,"minecraft:lantern":1,"minecraft:stone_bricks":33,"born_in_chaos_v1:fel_lamp":4,"epicfight:skillbook":12,"minecraft:mossy_stone_bricks":5,"minecraft:stone_pickaxe":59,"minecraft:oak_planks":32,"minecraft:wooden_pickaxe":30,"minecraft:white_wool":1,"minecraft:golden_apple":4,"minecraft:mushroom_stew":1,"minecraft:bread":44,"minecraft:diamond_sword":18,"minecraft:cooked_rabbit":2,"minecraft:cobweb":8,"minecraft:experience_bottle":1,"minecraft:iron_bars":16,"minecraft:stone_sword":508,"born_in_chaos_v1:great_reaper_axe":1,"minecraft:light_gray_carpet":1,"minecraft:spruce_planks":61,"dynamictrees:oak_seed":6,"minecraft:cooked_salmon":13,"minecraft:cooked_chicken":2,"minecraft:netherrack":1,"minecraft:torch":268,"minecraft:dirt":1,"minecraft:iron_hoe":78,"minecraft:iron_axe":29,"illusion_onslaught:chiseled_cultstone":1,"minecraft:golden_carrot":11,"tombstone:gift":2,"minecraft:cooked_beef":44,"minecraft:turtle_egg":1,"minecraft:cooked_mutton":4,"minecraft:water_bucket":29,"minecraft:polished_andesite":3,"minecraft:baked_potato":18,"minecraft:cracked_stone_bricks":1,"minecraft:lime_bed":47,"minecraft:crafting_table":8,"minecraft:smoker":4,"minecraft:diamond_pickaxe":2,"minecraft:iron_pickaxe":356,"minecraft:stone_axe":58,"minecraft:chiseled_stone_bricks":1,"minecraft:cobblestone":8,"minecraft:potion":2,"minecraft:cooked_porkchop":18,"minecraft:bucket":30},"minecraft:killed":{"born_in_chaos_v1:zombie_clown":1,"minecraft:cave_spider":25,"born_in_chaos_v1:mr_pumpkin":4,"born_in_chaos_v1:restless_spirit":2,"born_in_chaos_v1:skeleton_demoman":2,"born_in_chaos_v1:door_knight_not_despawn":1,"born_in_chaos_v1:sir_the_headless":1,"minecraft:spider":38,"born_in_chaos_v1:scarlet_persecutor":2,"born_in_chaos_v1:baby_skeleton_minion":5,"undead_revamp2:theswarmer":2,"minecraft:skeleton":33,"minecraft:bee":5,"undead_revamp2:therod":1,"undead_revamp2:thepregnant":1,"born_in_chaos_v1:supreme_bonescaller_stage_2":2,"minecraft:piglin_brute":1,"born_in_chaos_v1:firelight_not_despawn":3,"undead_revamp2:thespitter":1,"minecraft:pig":6,"alexsmobs:grizzly_bear":5,"minecraft:zombie_villager":2,"minecraft:creeper":8,"undead_revamp2:slaveman":1,"minecraft:zombie":79,"born_in_chaos_v1:dread_hound":1,"born_in_chaos_v1:corpse_fly":3,"minecraft:stray":36,"born_in_chaos_v1:door_knight":1,"minecraft:cow":30,"undead_revamp2:thehunter":2,"born_in_chaos_v1:zombie_bruiser":1,"born_in_chaos_v1:maggot":27,"born_in_chaos_v1:pumpkinhead":1,"born_in_chaos_v1:barrel_zombie":1,"born_in_chaos_v1:spiritof_chaos":1,"born_in_chaos_v1:fallen_chaos_knight":1,"born_in_chaos_v1:felsteed":1,"born_in_chaos_v1:bone_imp_minion":11,"undead_revamp2:the_moonflower":7,"born_in_chaos_v1:decrepit_skeleton":11,"born_in_chaos_v1:decaying_zombie":1,"iceandfire:ghost":18,"alexsmobs:gazelle":1,"born_in_chaos_v1:bonescaller_not_despawn":4,"minecraft:wither_skeleton":5,"born_in_chaos_v1:decaying_zombie_not_despawn":2,"minecraft:enderman":3},"minecraft:broken":{"minecraft:golden_boots":1,"minecraft:iron_chestplate":1,"minecraft:iron_hoe":1,"minecraft:chainmail_leggings":2,"minecraft:stone_sword":4,"minecraft:leather_boots":1,"minecraft:iron_helmet":1},"minecraft:dropped":{"minecraft:iron_sword":1,"minecraft:glow_ink_sac":3,"minecraft:glass_bottle":1,"minecraft:dirt":1,"tombstone:bag_of_seeds":2,"minecraft:bone":1,"dynamictrees:oak_seed":2,"alexsmobs:gazelle_horn":2,"minecraft:wheat":1,"minecraft:rotten_flesh":30,"minecraft:chainmail_chestplate":1,"born_in_chaos_v1:corpse_maggot":1,"minecraft:iron_bars":2,"minecraft:cobblestone":1,"minecraft:copper_ingot":1,"minecraft:polished_andesite":3,"tombstone:grave_dust":4,"minecraft:chainmail_leggings":1,"minecraft:redstone":1,"minecraft:stone_shovel":1,"minecraft:nether_bricks":5,"minecraft:bundle":1,"minecraft:spider_eye":4,"minecraft:barrel":1,"minecraft:bow":1,"minecraft:wooden_pickaxe":1},"minecraft:killed_by":{"minecraft:piglin_brute":22,"minecraft:creeper":2,"born_in_chaos_v1:zombie_bruiser":1,"born_in_chaos_v1:bone_imp_minion":5,"undead_revamp2:clogger":1,"minecraft:cave_spider":1,"born_in_chaos_v1:supreme_bonescaller_not_despawn":2,"born_in_chaos_v1:supreme_bonescaller_stage_2":4,"undead_revamp2:thepregnant":14,"born_in_chaos_v1:bonescaller_not_despawn":3,"born_in_chaos_v1:firelight_not_despawn":1,"takesapillage:clay_golem":1,"minecraft:vex":2,"minecraft:stray":2,"undead_revamp2:theswarmer":1,"mowziesmobs:ferrous_wroughtnaut":3,"minecraft:skeleton":4,"iceandfire:ghost":2,"born_in_chaos_v1:dread_hound":1},"minecraft:crafted":{"minecraft:oak_planks":52,"minecraft:chest":1,"minecraft:smoker":2,"sophisticatedbackpacks:backpack":1,"minecraft:cooked_porkchop":18,"minecraft:spruce_planks":48,"minecraft:wooden_pickaxe":1,"minecraft:gold_block":8,"minecraft:hay_block":6,"sophisticatedbackpacks:upgrade_base":2,"sophisticatedbackpacks:diamond_backpack":1,"minecraft:stick":16,"minecraft:iron_pickaxe":1,"minecraft:iron_block":4,"minecraft:stone_sword":4,"sophisticatedbackpacks:stack_upgrade_tier_1":1,"minecraft:furnace":1,"born_in_chaos_v1:pieceofdarkmetal":36,"minecraft:iron_axe":1,"minecraft:stone_pickaxe":1,"sophisticatedbackpacks:stack_upgrade_tier_2":1,"sophisticatedbackpacks:iron_backpack":1,"minecraft:cooked_beef":23,"minecraft:coal_block":10,"minecraft:iron_sword":4,"minecraft:cooked_salmon":13,"sophisticatedbackpacks:gold_backpack":1,"minecraft:stone_axe":1,"minecraft:air":0},"minecraft:mined":{"minecraft:spruce_planks":7,"minecraft:grass_block":3,"born_in_chaos_v1:dark_metal_deposit":1,"minecraft:coal_block":55,"minecraft:spawner":137,"minecraft:chiseled_stone_bricks":1,"minecraft:weeping_vines_plant":1,"minecraft:mossy_cobblestone_stairs":2,"minecraft:fire":1,"minecraft:nether_brick_stairs":6,"minecraft:iron_bars":50,"minecraft:iron_block":4,"minecraft:brown_mushroom":1,"minecraft:quartz_block":34,"minecraft:smoker":4,"minecraft:torch":24,"minecraft:calcite":2,"minecraft:poppy":1,"minecraft:cobblestone":6,"minecraft:oak_planks":31,"minecraft:wall_torch":6,"minecraft:chain":6,"born_in_chaos_v1:black_argillite_brick":1,"minecraft:stone_brick_stairs":3,"minecraft:grass":9,"minecraft:dirt":1,"illusion_onslaught:chiseled_cultstone":1,"minecraft:smooth_basalt":5,"born_in_chaos_v1:infernal_evil_pumpkin_s":1,"minecraft:netherrack":1,"minecraft:light_gray_stained_glass_pane":2,"minecraft:mossy_cobblestone":13,"minecraft:nether_bricks":11,"minecraft:hay_block":73,"minecraft:furnace":2,"minecraft:carrots":1,"minecraft:andesite":1,"minecraft:mossy_stone_brick_stairs":5,"minecraft:vine":22,"minecraft:stone":14,"minecraft:light_gray_carpet":1,"minecraft:crafting_table":9,"dynamictrees:acacia_leaves":3,"minecraft:tall_grass":2,"born_in_chaos_v1:chipped_black_argillite_brick":1,"minecraft:diorite":3,"minecraft:spruce_stairs":1,"minecraft:red_terracotta":4,"minecraft:lime_bed":47,"minecraft:spruce_log":12,"minecraft:cobweb":45,"minecraft:cracked_stone_bricks":5,"minecraft:polished_andesite":6,"minecraft:stone_bricks":26,"minecraft:mossy_stone_bricks":7},"minecraft:picked_up":{"minecraft:iron_chestplate":1,"minecraft:wheat":1,"minecraft:chainmail_boots":2,"minecraft:turtle_egg":1,"minecraft:stone_brick_stairs":3,"alexsmobs:gazelle_horn":2,"minecraft:string":119,"minecraft:spruce_planks":7,"minecraft:calcite":1,"dynamictrees:oak_seed":16,"minecraft:iron_boots":1,"minecraft:coal_block":53,"minecraft:furnace":2,"minecraft:tipped_arrow":16,"minecraft:stick":51,"minecraft:torch":34,"epicfight:skillbook":5,"minecraft:porkchop":15,"tombstone:grave_dust":27,"minecraft:quartz_block":28,"minecraft:stone_sword":4,"minecraft:honey_bottle":1,"minecraft:rotten_flesh":164,"minecraft:iron_block":4,"epicfight:stray_robe":3,"minecraft:iron_bars":43,"minecraft:cobblestone":21,"born_in_chaos_v1:staffof_magic_arrows":3,"minecraft:leather_chestplate":3,"born_in_chaos_v1:spiritual_dust":9,"minecraft:andesite":1,"minecraft:golden_leggings":1,"minecraft:smoker":4,"undead_revamp2:huntereye":2,"minecraft:lapis_lazuli":1,"minecraft:dirt":4,"minecraft:lantern":1,"minecraft:leather_boots":2,"minecraft:bone":113,"undead_revamp2:blacpetalblock":2,"minecraft:bow":11,"minecraft:wheat_seeds":2,"minecraft:mossy_stone_bricks":7,"minecraft:diamond_helmet":1,"minecraft:oak_planks":28,"minecraft:mossy_stone_brick_stairs":5,"minecraft:nether_brick_stairs":7,"minecraft:red_terracotta":4,"minecraft:barrel":2,"minecraft:mossy_cobblestone":11,"minecraft:bundle":5,"minecraft:polished_andesite":6,"born_in_chaos_v1:fire_dust":2,"minecraft:diamond":2,"waystones:waystone":2,"minecraft:light_gray_carpet":1,"minecraft:netherrack":1,"minecraft:diamond_pickaxe":2,"undead_revamp2:bostroxingot":2,"minecraft:crafting_table":9,"minecraft:allium":1,"iceandfire:witherbone":4,"born_in_chaos_v1:seedof_chaos":4,"minecraft:brown_mushroom":1,"illusion_onslaught:chiseled_cultstone":1,"minecraft:chain":6,"minecraft:shield":2,"epicfight:stray_pants":5,"epicfight:stray_hat":3,"born_in_chaos_v1:intoxicating_decoction":1,"born_in_chaos_v1:black_argillite_brick":1,"minecraft:cracked_stone_bricks":5,"minecraft:beef":59,"born_in_chaos_v1:gnawed_bones":1,"minecraft:poppy":1,"minecraft:copper_ingot":2,"born_in_chaos_v1:pieceofdarkmetal":4,"minecraft:carrot":5,"minecraft:arrow":74,"minecraft:weeping_vines":1,"minecraft:stone_shovel":1,"minecraft:nether_bricks":11,"minecraft:hay_block":73,"minecraft:gold_ingot":5,"tombstone:essence_of_undeath":2,"born_in_chaos_v1:trident_hayfork":1,"born_in_chaos_v1:corpse_maggot":14,"minecraft:lime_bed":48,"minecraft:air":0,"born_in_chaos_v1:pumpkin_staff":1,"minecraft:glow_ink_sac":3,"minecraft:leather":32,"minecraft:oak_log":46,"minecraft:chainmail_chestplate":2,"minecraft:golden_boots":3,"minecraft:gunpowder":11,"born_in_chaos_v1:soul_cutlass":1,"minecraft:stone_bricks":26,"minecraft:iron_ingot":5,"born_in_chaos_v1:chipped_black_argillite_brick":1,"tombstone:bag_of_seeds":3,"born_in_chaos_v1:fel_lamp":1,"minecraft:smooth_basalt":2,"minecraft:chiseled_stone_bricks":1,"born_in_chaos_v1:orbofthe_summoner":2,"born_in_chaos_v1:ethereal_spirit":6,"minecraft:gravel":1,"minecraft:spruce_log":12,"minecraft:spider_eye":17,"minecraft:diamond_shovel":1,"minecraft:pumpkin_seeds":26,"minecraft:slime_ball":9,"minecraft:chainmail_leggings":3,"minecraft:iron_helmet":1,"minecraft:mossy_cobblestone_stairs":2,"minecraft:oak_button":1,"tombstone:magic_scroll":4,"minecraft:coal":18,"minecraft:ender_pearl":1},"minecraft:custom":{"minecraft:interact_with_crafting_table":40,"minecraft:open_barrel":84,"minecraft:eat_cake_slice":3,"minecraft:leave_game":2,"minecraft:time_since_death":32628,"minecraft:sprint_one_cm":2257581,"minecraft:drop":40,"minecraft:talked_to_villager":1,"minecraft:play_time":346172,"minecraft:deaths":76,"minecraft:jump":4202,"minecraft:interact_with_brewingstand":5,"minecraft:walk_on_water_one_cm":35791,"minecraft:interact_with_furnace":6,"minecraft:sleep_in_bed":16,"minecraft:damage_dealt":79364,"minecraft:crouch_one_cm":31099,"tombstone:undead_killed":232,"minecraft:interact_with_smoker":18,"minecraft:inspect_dispenser":1,"minecraft:mob_kills":407,"minecraft:damage_dealt_resisted":8742,"minecraft:climb_one_cm":28423,"minecraft:walk_one_cm":1872317,"minecraft:damage_dealt_absorbed":80,"minecraft:sneak_time":8006,"minecraft:walk_under_water_one_cm":15303,"minecraft:total_world_time":346172,"minecraft:time_since_rest":32502,"minecraft:damage_taken":29914,"minecraft:damage_absorbed":449,"minecraft:trigger_trapped_chest":19,"minecraft:swim_one_cm":28922,"minecraft:fly_one_cm":1633086,"minecraft:open_chest":350,"minecraft:fall_one_cm":149220}},"DataVersion":3465}