{"stats":{"minecraft:used":{"minecraft:poppy":1,"minecraft:chest":1,"minecraft:shield":1,"minecraft:iron_sword":907,"minecraft:rotten_flesh":8,"minecraft:nether_bricks":1,"minecraft:allium":1,"minecraft:obsidian":2,"minecraft:weeping_vines":1,"minecraft:honey_bottle":6,"minecraft:lantern":1,"minecraft:stone_bricks":37,"born_in_chaos_v1:fel_lamp":6,"minecraft:mossy_stone_bricks":5,"epicfight:skillbook":20,"minecraft:stone_pickaxe":59,"minecraft:oak_planks":32,"minecraft:wooden_pickaxe":30,"minecraft:white_wool":1,"minecraft:golden_apple":5,"minecraft:mushroom_stew":1,"minecraft:bread":59,"minecraft:diamond_sword":18,"minecraft:cooked_rabbit":2,"minecraft:experience_bottle":12,"minecraft:cobweb":8,"minecraft:iron_bars":16,"minecraft:stone_sword":508,"born_in_chaos_v1:great_reaper_axe":1,"minecraft:light_gray_carpet":1,"minecraft:spruce_planks":61,"dynamictrees:oak_seed":6,"minecraft:cooked_salmon":13,"minecraft:cooked_chicken":4,"minecraft:netherrack":1,"minecraft:torch":346,"minecraft:dirt":1,"minecraft:iron_hoe":78,"minecraft:iron_axe":34,"illusion_onslaught:chiseled_cultstone":1,"minecraft:golden_carrot":11,"tombstone:gift":2,"minecraft:cooked_beef":71,"minecraft:turtle_egg":1,"minecraft:cooked_mutton":4,"minecraft:water_bucket":50,"minecraft:polished_andesite":3,"minecraft:baked_potato":18,"minecraft:cracked_stone_bricks":1,"minecraft:crafting_table":11,"minecraft:lime_bed":49,"minecraft:smoker":8,"minecraft:diamond_pickaxe":4,"minecraft:iron_pickaxe":422,"minecraft:map":1,"tombstone:magic_scroll":3,"minecraft:stone_axe":58,"minecraft:chiseled_stone_bricks":1,"minecraft:cobblestone":9,"minecraft:potion":2,"minecraft:cooked_porkchop":19,"minecraft:bucket":51},"minecraft:killed":{"illagerinvasion:archivist":3,"born_in_chaos_v1:zombie_clown":1,"minecraft:cave_spider":30,"born_in_chaos_v1:mr_pumpkin":10,"born_in_chaos_v1:restless_spirit":4,"born_in_chaos_v1:skeleton_demoman":2,"born_in_chaos_v1:sir_pumpkinhead_without_horse":1,"born_in_chaos_v1:door_knight_not_despawn":1,"born_in_chaos_v1:sir_the_headless":3,"minecraft:spider":45,"born_in_chaos_v1:siamese_skeletonsright":1,"illagerinvasion:basher":3,"born_in_chaos_v1:baby_skeleton_minion":9,"undead_revamp2:theswarmer":3,"born_in_chaos_v1:scarlet_persecutor":2,"minecraft:skeleton":38,"illusion_onslaught:cultoliger":46,"minecraft:bee":5,"illagerinvasion:provoker":5,"born_in_chaos_v1:skeleton_thrasher":1,"undead_revamp2:therod":1,"undead_revamp2:thepregnant":2,"born_in_chaos_v1:supreme_bonescaller_stage_2":3,"minecraft:piglin_brute":1,"born_in_chaos_v1:firelight_not_despawn":3,"undead_revamp2:thespitter":1,"minecraft:pig":6,"alexsmobs:grizzly_bear":5,"minecraft:zombie_villager":4,"minecraft:creeper":12,"undead_revamp2:slaveman":1,"minecraft:zombie":93,"born_in_chaos_v1:dread_hound":1,"born_in_chaos_v1:corpse_fly":8,"minecraft:stray":44,"born_in_chaos_v1:door_knight":1,"born_in_chaos_v1:siamese_skeletonsleft":1,"minecraft:cow":36,"minecraft:evoker":2,"minecraft:vex":5,"undead_revamp2:thehunter":5,"undead_revamp2:thegliter":2,"minecraft:vindicator":8,"illagerinvasion:marauder":4,"born_in_chaos_v1:skeleton_thrasher_not_despawn":1,"born_in_chaos_v1:zombie_bruiser":1,"born_in_chaos_v1:maggot":35,"born_in_chaos_v1:pumpkinhead":3,"born_in_chaos_v1:siamese_skeletons":1,"born_in_chaos_v1:barrel_zombie":1,"born_in_chaos_v1:spiritof_chaos":1,"born_in_chaos_v1:fallen_chaos_knight":1,"born_in_chaos_v1:felsteed":3,"born_in_chaos_v1:bone_imp_minion":14,"born_in_chaos_v1:swarmer":1,"iceandfire:troll":1,"undead_revamp2:the_moonflower":9,"born_in_chaos_v1:decrepit_skeleton":14,"born_in_chaos_v1:decaying_zombie":1,"iceandfire:ghost":18,"alexsmobs:gazelle":1,"born_in_chaos_v1:bonescaller_not_despawn":6,"minecraft:wither_skeleton":34,"born_in_chaos_v1:decaying_zombie_not_despawn":2,"minecraft:enderman":4},"minecraft:broken":{"minecraft:golden_helmet":1,"minecraft:golden_boots":1,"minecraft:iron_chestplate":1,"minecraft:diamond_boots":1,"minecraft:iron_hoe":1,"minecraft:chainmail_leggings":2,"minecraft:stone_sword":4,"minecraft:leather_boots":1,"minecraft:iron_helmet":2},"minecraft:dropped":{"minecraft:iron_sword":3,"minecraft:brown_mushroom":4,"minecraft:cooked_beef":1,"minecraft:glow_ink_sac":3,"minecraft:glass_bottle":1,"minecraft:dirt":1,"tombstone:bag_of_seeds":2,"minecraft:cauldron":1,"minecraft:bone":1,"minecraft:gravel":1,"minecraft:stone_axe":1,"alexsmobs:gazelle_horn":2,"dynamictrees:oak_seed":2,"minecraft:wheat":1,"minecraft:rotten_flesh":30,"minecraft:glowstone_dust":3,"minecraft:chainmail_chestplate":1,"born_in_chaos_v1:corpse_maggot":1,"minecraft:iron_bars":2,"minecraft:book":1,"minecraft:cobblestone":1,"minecraft:copper_ingot":1,"minecraft:polished_andesite":3,"minecraft:cobweb":2,"tombstone:magic_scroll":3,"minecraft:potion":4,"tombstone:grave_dust":5,"minecraft:iron_leggings":1,"minecraft:chainmail_leggings":1,"minecraft:redstone":1,"minecraft:bowl":3,"minecraft:stone_shovel":1,"minecraft:nether_bricks":5,"tombstone:scroll_of_unstable_intangibility":1,"minecraft:pumpkin_seeds":28,"minecraft:filled_map":1,"minecraft:shield":2,"minecraft:bundle":2,"minecraft:barrel":1,"minecraft:spider_eye":5,"illusion_onslaught:air_scroll":1,"minecraft:bow":1,"minecraft:stone_pickaxe":1,"minecraft:wooden_pickaxe":1},"minecraft:killed_by":{"minecraft:piglin_brute":22,"minecraft:creeper":2,"born_in_chaos_v1:zombie_bruiser":1,"born_in_chaos_v1:bone_imp_minion":5,"undead_revamp2:clogger":1,"minecraft:cave_spider":1,"born_in_chaos_v1:supreme_bonescaller_not_despawn":2,"born_in_chaos_v1:supreme_bonescaller_stage_2":4,"undead_revamp2:thepregnant":14,"born_in_chaos_v1:bonescaller_not_despawn":3,"born_in_chaos_v1:firelight_not_despawn":1,"takesapillage:clay_golem":1,"minecraft:vex":2,"minecraft:stray":2,"undead_revamp2:theswarmer":1,"mowziesmobs:ferrous_wroughtnaut":3,"minecraft:skeleton":4,"iceandfire:ghost":2,"born_in_chaos_v1:dread_hound":1},"minecraft:crafted":{"minecraft:oak_planks":52,"minecraft:chest":1,"minecraft:smoker":4,"sophisticatedbackpacks:backpack":1,"minecraft:cooked_porkchop":18,"minecraft:spruce_planks":48,"minecraft:wooden_pickaxe":1,"minecraft:gold_block":8,"minecraft:hay_block":6,"sophisticatedbackpacks:upgrade_base":2,"sophisticatedbackpacks:diamond_backpack":1,"minecraft:stick":16,"minecraft:iron_pickaxe":1,"minecraft:iron_block":4,"minecraft:stone_sword":4,"sophisticatedbackpacks:stack_upgrade_tier_1":1,"minecraft:furnace":2,"born_in_chaos_v1:pieceofdarkmetal":45,"minecraft:iron_axe":1,"minecraft:stone_pickaxe":1,"sophisticatedbackpacks:stack_upgrade_tier_2":1,"sophisticatedbackpacks:iron_backpack":1,"minecraft:cooked_beef":71,"minecraft:coal_block":10,"minecraft:iron_sword":6,"minecraft:cooked_salmon":13,"sophisticatedbackpacks:gold_backpack":1,"minecraft:stone_axe":1,"minecraft:bread":10,"minecraft:air":0},"minecraft:mined":{"minecraft:spruce_planks":7,"minecraft:grass_block":3,"born_in_chaos_v1:dark_metal_deposit":1,"minecraft:coal_block":55,"minecraft:chiseled_stone_bricks":3,"minecraft:spawner":167,"minecraft:weeping_vines_plant":1,"minecraft:glowstone":1,"minecraft:mossy_cobblestone_stairs":2,"minecraft:fire":3,"minecraft:black_carpet":2,"minecraft:nether_brick_stairs":8,"minecraft:iron_bars":56,"minecraft:iron_block":4,"minecraft:brown_mushroom":1,"minecraft:quartz_block":34,"minecraft:smoker":8,"minecraft:torch":27,"minecraft:calcite":2,"minecraft:poppy":1,"minecraft:cobblestone":6,"minecraft:oak_planks":31,"minecraft:wall_torch":6,"minecraft:chain":8,"dynamictrees:birch_leaves":3,"born_in_chaos_v1:black_argillite_brick":1,"minecraft:stone_brick_stairs":3,"minecraft:grass":9,"illusion_onslaught:chiseled_cultstone":1,"minecraft:dirt":1,"minecraft:smooth_basalt":5,"born_in_chaos_v1:infernal_evil_pumpkin_s":3,"minecraft:netherrack":2,"minecraft:light_gray_stained_glass_pane":2,"minecraft:mossy_cobblestone":13,"minecraft:deepslate_diamond_ore":5,"minecraft:nether_bricks":12,"minecraft:dead_horn_coral_wall_fan":1,"minecraft:hay_block":73,"minecraft:furnace":2,"minecraft:carrots":1,"minecraft:andesite":1,"minecraft:gold_block":2,"minecraft:mossy_stone_brick_stairs":7,"minecraft:vine":22,"minecraft:stone":18,"minecraft:light_gray_carpet":1,"minecraft:glass_pane":2,"minecraft:crafting_table":11,"dynamictrees:acacia_leaves":3,"minecraft:tall_grass":2,"born_in_chaos_v1:chipped_black_argillite_brick":1,"minecraft:diorite":3,"minecraft:spruce_stairs":1,"minecraft:red_terracotta":4,"minecraft:lime_bed":49,"minecraft:spruce_log":12,"minecraft:cobweb":46,"minecraft:cracked_stone_bricks":5,"minecraft:polished_andesite":6,"minecraft:stone_bricks":28,"minecraft:mossy_stone_bricks":7},"minecraft:picked_up":{"minecraft:iron_chestplate":4,"minecraft:wheat":1,"minecraft:chainmail_boots":2,"minecraft:potion":1,"minecraft:turtle_egg":1,"minecraft:stone_brick_stairs":3,"minecraft:brewing_stand":1,"born_in_chaos_v1:holiday_candy":16,"alexsmobs:gazelle_horn":2,"minecraft:string":131,"minecraft:iron_leggings":3,"illusion_onslaught:mana_potion":75,"minecraft:spruce_planks":28,"minecraft:calcite":1,"dynamictrees:oak_seed":16,"minecraft:furnace":2,"minecraft:coal_block":53,"minecraft:iron_boots":3,"minecraft:golden_helmet":2,"minecraft:tipped_arrow":21,"minecraft:stick":58,"born_in_chaos_v1:shattered_skull":2,"minecraft:torch":44,"minecraft:spruce_stairs":1,"epicfight:skillbook":10,"minecraft:porkchop":15,"tombstone:grave_dust":41,"minecraft:cauldron":2,"minecraft:quartz_block":28,"minecraft:stone_sword":4,"minecraft:honey_bottle":1,"minecraft:rotten_flesh":194,"minecraft:iron_block":4,"epicfight:stray_robe":5,"minecraft:iron_bars":47,"minecraft:cobblestone":27,"born_in_chaos_v1:staffof_magic_arrows":3,"minecraft:leather_chestplate":5,"minecraft:cooked_beef":1,"born_in_chaos_v1:spiritual_dust":12,"minecraft:andesite":1,"minecraft:golden_leggings":1,"minecraft:smoker":8,"minecraft:potato":2,"undead_revamp2:huntereye":2,"skilltree:gem":1,"minecraft:map":1,"minecraft:lapis_lazuli":1,"minecraft:dirt":4,"minecraft:lantern":1,"minecraft:leather_boots":2,"minecraft:bone":152,"illusion_onslaught:ominous_cloth":140,"undead_revamp2:blacpetalblock":2,"minecraft:bow":13,"minecraft:wheat_seeds":2,"born_in_chaos_v1:skullbreaker_hammer":1,"minecraft:mossy_stone_bricks":7,"minecraft:diamond_helmet":1,"minecraft:oak_planks":28,"minecraft:mossy_stone_brick_stairs":7,"minecraft:nether_brick_stairs":9,"minecraft:fermented_spider_eye":1,"minecraft:red_terracotta":4,"minecraft:barrel":2,"minecraft:mossy_cobblestone":11,"minecraft:bundle":10,"minecraft:polished_andesite":9,"born_in_chaos_v1:fire_dust":2,"minecraft:diamond":11,"waystones:waystone":2,"minecraft:golden_apple":1,"minecraft:emerald":8,"iceandfire:troll_leather_forest":5,"minecraft:light_gray_carpet":1,"minecraft:netherrack":1,"minecraft:diamond_pickaxe":2,"undead_revamp2:bostroxingot":2,"minecraft:crafting_table":11,"minecraft:allium":1,"iceandfire:witherbone":19,"born_in_chaos_v1:seedof_chaos":5,"minecraft:brown_mushroom":9,"illusion_onslaught:chiseled_cultstone":1,"minecraft:gold_block":2,"minecraft:chain":8,"minecraft:brick":9,"minecraft:shield":6,"epicfight:stray_pants":6,"minecraft:iron_axe":1,"epicfight:stray_hat":3,"born_in_chaos_v1:intoxicating_decoction":1,"born_in_chaos_v1:black_argillite_brick":1,"minecraft:cracked_stone_bricks":6,"minecraft:beef":71,"born_in_chaos_v1:gnawed_bones":1,"minecraft:iron_nugget":12,"minecraft:poppy":1,"minecraft:chest":1,"iceandfire:troll_tusk":1,"minecraft:copper_ingot":2,"minecraft:bowl":7,"born_in_chaos_v1:pieceofdarkmetal":5,"minecraft:carrot":5,"minecraft:stone_shovel":1,"minecraft:arrow":99,"minecraft:weeping_vines":1,"minecraft:nether_bricks":12,"minecraft:hay_block":73,"minecraft:totem_of_undying":1,"tombstone:essence_of_undeath":2,"minecraft:gold_ingot":6,"minecraft:glow_berries":1,"born_in_chaos_v1:trident_hayfork":1,"born_in_chaos_v1:fused_bone":2,"born_in_chaos_v1:corpse_maggot":22,"minecraft:lime_bed":50,"minecraft:air":0,"born_in_chaos_v1:pumpkin_staff":3,"minecraft:glow_ink_sac":3,"minecraft:leather":37,"minecraft:red_mushroom":2,"minecraft:oak_log":46,"minecraft:chainmail_chestplate":2,"minecraft:golden_boots":3,"minecraft:gunpowder":12,"minecraft:paper":1,"born_in_chaos_v1:soul_cutlass":3,"minecraft:stone_bricks":27,"illusion_onslaught:occultive_skull":4,"minecraft:iron_ingot":5,"minecraft:stone_pickaxe":2,"born_in_chaos_v1:chipped_black_argillite_brick":1,"minecraft:cobweb":4,"tombstone:bag_of_seeds":4,"born_in_chaos_v1:fel_lamp":2,"minecraft:iron_sword":2,"minecraft:book":1,"minecraft:smooth_basalt":2,"minecraft:chiseled_stone_bricks":1,"born_in_chaos_v1:orbofthe_summoner":3,"born_in_chaos_v1:ethereal_spirit":8,"minecraft:gravel":2,"minecraft:spruce_log":14,"minecraft:spider_eye":21,"minecraft:diamond_shovel":1,"minecraft:pumpkin_seeds":107,"minecraft:slime_ball":16,"minecraft:stone_axe":2,"minecraft:chainmail_leggings":3,"minecraft:iron_helmet":2,"minecraft:mossy_cobblestone_stairs":2,"minecraft:oak_button":1,"tombstone:magic_scroll":5,"minecraft:coal":73,"minecraft:ender_pearl":2},"minecraft:custom":{"minecraft:interact_with_crafting_table":49,"minecraft:open_barrel":92,"minecraft:eat_cake_slice":3,"minecraft:leave_game":3,"minecraft:time_since_death":113137,"minecraft:damage_resisted":725,"minecraft:sprint_one_cm":2854701,"minecraft:drop":69,"minecraft:talked_to_villager":1,"minecraft:play_time":426681,"minecraft:deaths":76,"minecraft:jump":4972,"minecraft:interact_with_brewingstand":6,"minecraft:walk_on_water_one_cm":45119,"minecraft:interact_with_furnace":11,"minecraft:sleep_in_bed":16,"minecraft:damage_dealt":133131,"minecraft:crouch_one_cm":32447,"tombstone:undead_killed":318,"minecraft:interact_with_smoker":32,"minecraft:inspect_dispenser":1,"minecraft:mob_kills":622,"minecraft:damage_dealt_resisted":20476,"minecraft:climb_one_cm":29107,"minecraft:walk_one_cm":2360228,"minecraft:damage_dealt_absorbed":80,"minecraft:sneak_time":8325,"minecraft:walk_under_water_one_cm":32533,"minecraft:total_world_time":426681,"tombstone:raider_killed":25,"minecraft:time_since_rest":113011,"minecraft:damage_taken":33264,"minecraft:damage_absorbed":489,"minecraft:trigger_trapped_chest":19,"tombstone:cast_on_ally":0,"minecraft:swim_one_cm":30373,"minecraft:fly_one_cm":1990163,"minecraft:open_chest":471,"minecraft:fall_one_cm":201177}},"DataVersion":3465}