{"stats":{"minecraft:picked_up":{"minecraft:wheat":1,"minecraft:wheat_seeds":2,"minecraft:emerald":1},"minecraft:used":{"minecraft:wheat_seeds":1,"minecraft:golden_carrot":3},"minecraft:mined":{"minecraft:wheat":1,"dynamictrees:spruce_leaves":2},"minecraft:killed":{"minecraft:pillager":1},"minecraft:custom":{"minecraft:time_since_rest":4392,"minecraft:open_chest":1,"minecraft:crouch_one_cm":335,"minecraft:play_time":4392,"minecraft:sprint_one_cm":23838,"minecraft:damage_taken":105,"minecraft:walk_one_cm":45983,"minecraft:sneak_time":30,"minecraft:mob_kills":1,"minecraft:jump":104,"tombstone:raider_killed":1,"minecraft:damage_dealt":600,"minecraft:leave_game":1,"minecraft:time_since_death":4392,"minecraft:total_world_time":4392,"minecraft:fall_one_cm":2357,"minecraft:fly_one_cm":39551}},"DataVersion":3465}