{"stats":{"minecraft:picked_up":{"minecraft:charcoal":4,"minecraft:birch_door":1,"minecraft:crafting_table":7,"minecraft:wheat":4,"minecraft:allium":2,"illagerinvasion:platinum_chunk":13,"minecraft:clay_ball":5,"born_in_chaos_v1:seedof_chaos":8,"minecraft:smithing_table":1,"minecraft:oak_stairs":1,"minecraft:gold_block":1,"born_in_chaos_v1:fired_black_argillite":2,"epicfight:stray_pants":1,"born_in_chaos_v1:holiday_candy":23,"minecraft:string":14,"minecraft:iron_axe":2,"takesapillage:ravager_horn":2,"minecraft:gold_nugget":3,"minecraft:spruce_planks":3,"minecraft:beef":164,"dynamictrees:oak_seed":56,"born_in_chaos_v1:stimulating_decoction":3,"minecraft:deepslate_tile_wall":11,"minecraft:coal_block":12,"minecraft:furnace":3,"minecraft:egg":3,"minecraft:tipped_arrow":3,"minecraft:stick":106,"born_in_chaos_v1:shattered_skull":3,"mowziesmobs:sol_visage":1,"minecraft:torch":3,"minecraft:bowl":1,"minecraft:spruce_stairs":1,"epicfight:skillbook":5,"minecraft:porkchop":12,"tombstone:grave_dust":11,"born_in_chaos_v1:pieceofdarkmetal":1,"minecraft:brown_carpet":1,"mowziesmobs:umvuthana_mask_faith":1,"minecraft:arrow":36,"minecraft:weeping_vines":1,"minecraft:rotten_flesh":31,"minecraft:peony":1,"minecraft:hay_block":111,"mowziesmobs:umvuthana_mask_bliss":2,"minecraft:iron_block":4,"minecraft:carved_pumpkin":1,"alexsmobs:emu_egg":3,"tombstone:essence_of_undeath":1,"born_in_chaos_v1:cultivated_pumpkin":4,"epicfight:stray_robe":1,"minecraft:obsidian":1,"minecraft:iron_bars":5,"minecraft:cobblestone":31,"born_in_chaos_v1:corpse_maggot":2,"born_in_chaos_v1:staffof_magic_arrows":1,"minecraft:feather":15,"minecraft:basalt":47,"born_in_chaos_v1:monster_flesh":3,"born_in_chaos_v1:pumpkin_staff":1,"minecraft:tripwire_hook":1,"born_in_chaos_v1:spiritual_dust":4,"minecraft:salmon":1,"minecraft:leather":14,"minecraft:potato":1,"alexsmobs:bison_fur":18,"minecraft:mushroom_stew":1,"iceandfire:ectoplasm":2,"minecraft:oak_log":100,"minecraft:gunpowder":1,"minecraft:dirt":6,"born_in_chaos_v1:monster_skin":2,"minecraft:bone":38,"born_in_chaos_v1:soul_cutlass":1,"mowziesmobs:umvuthana_mask_rage":1,"minecraft:bow":2,"minecraft:wheat_seeds":3,"tombstone:bag_of_seeds":1,"minecraft:glass_bottle":1,"minecraft:iron_sword":1,"minecraft:oak_planks":8,"mowziesmobs:umvuthana_mask_misery":2,"born_in_chaos_v1:death_totem":1,"minecraft:cooked_porkchop":1,"born_in_chaos_v1:orbofthe_summoner":2,"born_in_chaos_v1:ethereal_spirit":4,"minecraft:poisonous_potato":1,"minecraft:gravel":1,"minecraft:dark_oak_log":2,"minecraft:blast_furnace":3,"minecraft:grass_block":1,"minecraft:white_bed":1,"minecraft:cyan_bed":3,"minecraft:lily_of_the_valley":1,"minecraft:barrel":1,"minecraft:crying_obsidian":1,"minecraft:bundle":2,"minecraft:pumpkin_seeds":24,"minecraft:purple_bed":4,"waystones:waystone":1,"minecraft:golden_apple":2,"born_in_chaos_v1:tombstone_dark_titan_066":1,"minecraft:spruce_sign":1,"minecraft:emerald":15,"mowziesmobs:umvuthana_mask_fear":1,"tombstone:magic_scroll":1,"minecraft:netherrack":49,"minecraft:coal":3},"minecraft:used":{"minecraft:stone_sword":141,"minecraft:flint_and_steel":1,"minecraft:carved_pumpkin":1,"minecraft:iron_sword":479,"minecraft:stone_hoe":73,"minecraft:torch":17,"minecraft:dirt":5,"born_in_chaos_v1:soul_cutlass":2,"minecraft:obsidian":4,"minecraft:iron_hoe":40,"minecraft:basalt":7,"minecraft:bow":3,"tombstone:gift":2,"minecraft:egg":2,"minecraft:iron_leggings":1,"minecraft:golden_boots":1,"tombstone:scroll_of_mercy":1,"epicfight:skillbook":6,"tombstone:scroll_of_knowledge":1,"minecraft:stone_pickaxe":29,"minecraft:oak_planks":45,"minecraft:leather_chestplate":1,"minecraft:wooden_pickaxe":6,"minecraft:chainmail_helmet":1,"minecraft:spruce_sign":1,"minecraft:diamond_axe":32,"minecraft:golden_apple":1,"minecraft:crafting_table":9,"minecraft:mushroom_stew":29,"minecraft:white_bed":1,"minecraft:diamond_pickaxe":168,"minecraft:bread":30,"minecraft:cyan_bed":2,"minecraft:iron_pickaxe":6,"tombstone:grave_key":6,"tombstone:magic_scroll":2,"minecraft:leather_helmet":1,"minecraft:gravel":1,"minecraft:stone_axe":27,"minecraft:cobblestone":17,"minecraft:potion":3,"minecraft:purple_bed":4,"minecraft:cooked_porkchop":5,"minecraft:pumpkin_pie":36,"takesapillage:ravager_horn":1},"minecraft:broken":{"minecraft:golden_boots":1,"takesapillage:ravager_horn":1,"minecraft:iron_helmet":1},"minecraft:crafted":{"minecraft:oak_planks":72,"born_in_chaos_v1:pieceofdarkmetal":27,"minecraft:iron_boots":1,"minecraft:leather":10,"minecraft:iron_hoe":1,"minecraft:stone_pickaxe":1,"minecraft:chest":1,"minecraft:stone_hoe":1,"sophisticatedbackpacks:iron_backpack":1,"sophisticatedbackpacks:backpack":1,"minecraft:crafting_table":3,"minecraft:wooden_pickaxe":1,"minecraft:iron_helmet":1,"minecraft:iron_sword":2,"sophisticatedbackpacks:gold_backpack":1,"minecraft:hay_block":10,"minecraft:stone_axe":1,"minecraft:iron_chestplate":1,"minecraft:stick":12,"minecraft:iron_ingot":18,"minecraft:iron_pickaxe":1,"minecraft:stone_sword":2,"minecraft:iron_leggings":1,"minecraft:torch":24},"minecraft:killed":{"minecraft:cave_spider":4,"born_in_chaos_v1:mr_pumpkin":3,"minecraft:witch":2,"undead_revamp2:theimmortal":3,"born_in_chaos_v1:restless_spirit":1,"born_in_chaos_v1:zombie_clown_not_despawn":1,"born_in_chaos_v1:sir_the_headless":1,"born_in_chaos_v1:pumpkin_spirit":1,"alexsmobs:raccoon":1,"mowziesmobs:umvuthi":1,"minecraft:vindicator":4,"minecraft:spider":3,"born_in_chaos_v1:skeleton_thrasher_not_despawn":1,"born_in_chaos_v1:baby_skeleton_minion":8,"born_in_chaos_v1:maggot":4,"born_in_chaos_v1:pumpkinhead":1,"minecraft:skeleton":15,"takesapillage:clay_golem":3,"alexsmobs:bison":21,"born_in_chaos_v1:supreme_bonescaller_stage_2":2,"undead_revamp2:sucker":1,"mowziesmobs:umvuthana":11,"born_in_chaos_v1:barrel_zombie":1,"born_in_chaos_v1:spiritof_chaos":1,"born_in_chaos_v1:felsteed":1,"minecraft:husk":20,"minecraft:pig":6,"born_in_chaos_v1:bone_imp_minion":8,"takesapillage:skirmisher":7,"minecraft:frog":3,"minecraft:ravager":2,"minecraft:creeper":1,"alexsmobs:emu":2,"minecraft:pillager":27,"undead_revamp2:thesomnolence":3,"minecraft:zombie":4,"iceandfire:ghost":2,"born_in_chaos_v1:dread_hound":3,"born_in_chaos_v1:bonescaller_not_despawn":3,"minecraft:stray":7,"takesapillage:archer":4,"minecraft:villager":1,"minecraft:enderman":1,"minecraft:cow":12},"minecraft:killed_by":{"minecraft:husk":4,"takesapillage:skirmisher":1,"minecraft:vindicator":1,"minecraft:skeleton":9,"born_in_chaos_v1:skeleton_thrasher_not_despawn":1,"born_in_chaos_v1:supreme_bonescaller_stage_2":2},"minecraft:mined":{"minecraft:dark_oak_planks":2,"born_in_chaos_v1:cultivated_pumpkin":4,"minecraft:crying_obsidian":1,"minecraft:spruce_planks":3,"minecraft:white_bed":1,"minecraft:dark_oak_log":2,"minecraft:obsidian":1,"minecraft:deepslate_tile_wall":12,"minecraft:grass_block":2,"minecraft:weeping_vines":1,"minecraft:coal_block":12,"minecraft:spawner":24,"minecraft:hay_block":111,"minecraft:weeping_vines_plant":1,"minecraft:furnace":3,"minecraft:peony":1,"minecraft:gold_block":1,"minecraft:oak_stairs":1,"minecraft:iron_bars":6,"minecraft:stone":17,"minecraft:iron_block":4,"minecraft:smithing_table":1,"minecraft:glass_pane":1,"minecraft:lily_of_the_valley":1,"minecraft:basalt":52,"minecraft:brown_carpet":1,"minecraft:crafting_table":7,"minecraft:torch":3,"minecraft:blast_furnace":3,"minecraft:campfire":2,"minecraft:tall_grass":12,"minecraft:cobblestone":14,"minecraft:cyan_bed":3,"minecraft:oak_planks":8,"minecraft:spruce_stairs":1,"minecraft:purple_bed":6,"born_in_chaos_v1:tombstone_dark_titan_066":1,"born_in_chaos_v1:fired_black_argillite":2,"minecraft:grass":22,"minecraft:coal_ore":3,"minecraft:oak_log":3,"minecraft:gravel":1,"minecraft:dirt":4,"minecraft:cobweb":2,"born_in_chaos_v1:infernal_evil_pumpkin_s":1,"minecraft:tripwire_hook":1,"minecraft:netherrack":49},"minecraft:custom":{"minecraft:interact_with_smithing_table":2,"minecraft:mob_kills":216,"minecraft:interact_with_crafting_table":13,"minecraft:open_barrel":101,"minecraft:damage_dealt_resisted":9345,"minecraft:leave_game":1,"minecraft:time_since_death":5180,"minecraft:damage_resisted":50,"minecraft:climb_one_cm":18620,"minecraft:sprint_one_cm":667462,"minecraft:walk_one_cm":918800,"minecraft:drop":40,"minecraft:damage_dealt_absorbed":14,"minecraft:play_time":129124,"minecraft:deaths":20,"minecraft:sneak_time":2524,"minecraft:walk_under_water_one_cm":1632,"minecraft:interact_with_brewingstand":5,"minecraft:jump":2023,"minecraft:interact_with_blast_furnace":8,"minecraft:walk_on_water_one_cm":2627,"minecraft:total_world_time":129124,"minecraft:interact_with_furnace":5,"tombstone:raider_killed":46,"minecraft:interact_with_cartography_table":1,"minecraft:tune_noteblock":3,"minecraft:raid_trigger":1,"minecraft:interact_with_grindstone":1,"minecraft:sleep_in_bed":8,"minecraft:time_since_rest":4928,"minecraft:waystone_activated":1,"minecraft:damage_taken":11055,"minecraft:damage_absorbed":40,"minecraft:damage_dealt":57505,"tombstone:cast_on_ally":0,"minecraft:swim_one_cm":9950,"minecraft:fly_one_cm":853519,"minecraft:open_chest":103,"minecraft:crouch_one_cm":12393,"tombstone:undead_killed":76,"tombstone:villager_killed":1,"minecraft:fall_one_cm":43141},"minecraft:dropped":{"minecraft:enchanted_book":1,"minecraft:iron_sword":1,"minecraft:wheat_seeds":1,"minecraft:poisonous_potato":1,"minecraft:deepslate_tile_wall":2,"iceandfire:ectoplasm":2,"alexsmobs:bison_fur":3,"illagerinvasion:platinum_chunk":4,"tombstone:grave_dust":2,"minecraft:iron_leggings":1,"minecraft:gold_nugget":3,"dynamictrees:oak_seed":43,"minecraft:stone_sword":1,"minecraft:bowl":7,"tombstone:gift":1,"minecraft:rotten_flesh":1,"minecraft:pumpkin_seeds":24,"minecraft:salmon":1,"minecraft:allium":1,"minecraft:iron_chestplate":1,"minecraft:barrel":1,"minecraft:basalt":40,"minecraft:wooden_pickaxe":1,"minecraft:netherrack":49,"epicfight:skillbook":1}},"DataVersion":3465}