{"stats":{"minecraft:picked_up":{"born_in_chaos_v1:river_mint":1,"minecraft:oak_log":4,"undead_revamp2:arapholia":1},"minecraft:mined":{"undead_revamp2:arapholia":1,"minecraft:grass":2,"minecraft:oak_log":4,"born_in_chaos_v1:river_mint":1},"minecraft:custom":{"minecraft:time_since_rest":2706,"minecraft:deaths":3,"minecraft:sprint_one_cm":29036,"minecraft:play_time":24308,"minecraft:damage_taken":715,"minecraft:walk_one_cm":63943,"minecraft:walk_under_water_one_cm":186,"minecraft:jump":62,"minecraft:leave_game":3,"minecraft:time_since_death":5105,"minecraft:walk_on_water_one_cm":3600,"minecraft:total_world_time":24308,"minecraft:fall_one_cm":2299,"minecraft:fly_one_cm":22948},"minecraft:used":{"minecraft:oak_log":1,"born_in_chaos_v1:river_mint":1},"minecraft:killed_by":{"mowziesmobs:umvuthana_follower_player":1,"minecraft:zombie":1,"undead_revamp2:the_moonflower":1}},"DataVersion":3465}