{"stats":{"minecraft:killed_by":{"undead_revamp2:the_moonflower":1,"minecraft:wither_skeleton":1,"born_in_chaos_v1:nightmare_stalker":1,"minecraft:stray":3,"minecraft:creeper":5,"minecraft:spider":3,"born_in_chaos_v1:bone_imp_minion":1,"arthropocolypse:stag_beetle":2,"minecraft:silverfish":4,"minecraft:cave_spider":2,"minecraft:skeleton":5,"born_in_chaos_v1:supreme_bonescaller_not_despawn":2,"minecraft:zombie":57,"iceandfire:ghost":3,"undead_revamp2:theheavy":1},"minecraft:picked_up":{"minecraft:crafting_table":7,"minecraft:flower_pot":1,"born_in_chaos_v1:seedof_chaos":1,"mowziesmobs:glowing_jelly":2,"minecraft:stone_brick_stairs":1,"minecraft:red_bed":3,"minecraft:polished_deepslate":1,"minecraft:string":11,"minecraft:iron_leggings":1,"minecraft:beetroot":5,"minecraft:cracked_stone_bricks":3,"dynamictrees:dark_oak_seed":23,"minecraft:spruce_planks":1,"minecraft:poppy":1,"minecraft:spruce_trapdoor":1,"minecraft:egg":1,"minecraft:dark_oak_door":1,"minecraft:golden_helmet":1,"minecraft:tipped_arrow":1,"minecraft:stick":86,"minecraft:torch":2,"born_in_chaos_v1:pileof_dark_metal":1,"tombstone:grave_dust":6,"minecraft:carrot":33,"minecraft:dark_oak_planks":93,"minecraft:rotten_flesh":53,"minecraft:arrow":16,"tombstone:essence_of_undeath":1,"minecraft:mutton":2,"minecraft:iron_bars":6,"undead_revamp2:arapholia":1,"alexsmobs:lobster_tail":2,"minecraft:cobblestone":154,"born_in_chaos_v1:corpse_maggot":1,"minecraft:salmon":4,"minecraft:black_bed":1,"minecraft:golden_leggings":1,"minecraft:mushroom_stew":2,"minecraft:crimson_fungus":1,"minecraft:chainmail_chestplate":1,"minecraft:golden_boots":1,"skilltree:gem":1,"minecraft:dirt":22,"minecraft:leather_boots":1,"minecraft:red_carpet":1,"minecraft:bone":14,"minecraft:stone_bricks":1,"minecraft:bow":2,"minecraft:wheat_seeds":4,"dynamictrees:birch_seed":1,"minecraft:mossy_stone_bricks":2,"born_in_chaos_v1:ethereal_spirit":2,"minecraft:dark_oak_log":123,"minecraft:spider_eye":5,"minecraft:dark_prismarine":6,"undead_revamp2:heavytooth":1,"minecraft:bundle":3,"minecraft:bone_meal":2,"minecraft:gray_wool":1,"minecraft:mossy_cobblestone_stairs":1,"minecraft:bread":2,"born_in_chaos_v1:rotten_fish":2,"minecraft:coal":10},"minecraft:custom":{"minecraft:mob_kills":113,"minecraft:interact_with_crafting_table":12,"minecraft:open_barrel":3,"minecraft:damage_dealt_resisted":413,"minecraft:eat_cake_slice":6,"minecraft:leave_game":2,"minecraft:time_since_death":5066,"minecraft:climb_one_cm":6332,"minecraft:sprint_one_cm":798401,"minecraft:walk_one_cm":997202,"minecraft:damage_blocked_by_shield":691,"minecraft:drop":15,"minecraft:play_time":190563,"minecraft:deaths":95,"minecraft:sneak_time":2811,"minecraft:walk_under_water_one_cm":68652,"minecraft:jump":3432,"minecraft:walk_on_water_one_cm":107735,"minecraft:total_world_time":190563,"minecraft:interact_with_furnace":1,"minecraft:sleep_in_bed":2,"minecraft:time_since_rest":4500,"minecraft:damage_taken":28222,"minecraft:damage_absorbed":508,"minecraft:trigger_trapped_chest":1,"minecraft:damage_dealt":17249,"minecraft:swim_one_cm":94775,"minecraft:fly_one_cm":1009868,"minecraft:open_chest":65,"minecraft:crouch_one_cm":7658,"tombstone:undead_killed":59,"minecraft:fall_one_cm":50061},"minecraft:crafted":{"minecraft:furnace":1,"minecraft:dark_oak_door":3,"minecraft:stone_pickaxe":2,"minecraft:chest":1,"minecraft:dark_oak_planks":480,"minecraft:crafting_table":4,"minecraft:wooden_pickaxe":2,"minecraft:stone_axe":2,"minecraft:stick":8,"minecraft:iron_pickaxe":1,"minecraft:stone_sword":1},"minecraft:broken":{"minecraft:golden_helmet":1,"epicfight:stray_pants":1,"minecraft:iron_boots":1,"minecraft:chainmail_helmet":1,"minecraft:leather_chestplate":1,"minecraft:stone_pickaxe":1,"minecraft:chainmail_chestplate":1,"epicfight:stray_hat":1},"minecraft:used":{"minecraft:beetroot":5,"minecraft:stone_sword":123,"minecraft:iron_shovel":109,"minecraft:polished_deepslate":1,"minecraft:chest":1,"minecraft:shield":5,"minecraft:iron_sword":123,"minecraft:dirt":8,"minecraft:carrot":41,"mowziesmobs:glowing_jelly":2,"born_in_chaos_v1:corpse_maggot":1,"minecraft:dark_oak_planks":327,"alexsmobs:lobster_tail":2,"dynamictrees:birch_seed":1,"minecraft:bow":3,"minecraft:furnace":1,"tombstone:gift":1,"dynamictrees:dark_oak_seed":1,"minecraft:cooked_beef":7,"minecraft:mossy_stone_bricks":1,"minecraft:stone_pickaxe":146,"minecraft:wooden_pickaxe":8,"minecraft:chainmail_helmet":1,"minecraft:golden_apple":2,"minecraft:crafting_table":8,"minecraft:red_bed":3,"minecraft:mushroom_stew":2,"minecraft:black_bed":1,"minecraft:dark_oak_door":2,"minecraft:bread":2,"minecraft:iron_pickaxe":51,"minecraft:spruce_trapdoor":1,"minecraft:golden_helmet":2,"minecraft:stone_axe":182,"born_in_chaos_v1:rotten_fish":1},"minecraft:killed":{"undead_revamp2:thewolf":1,"alexsmobs:lobster":5,"minecraft:cave_spider":5,"undead_revamp2:thehunter":1,"minecraft:spider":5,"undead_revamp2:axestrom":1,"born_in_chaos_v1:maggot":6,"born_in_chaos_v1:scarlet_persecutor":2,"minecraft:skeleton":10,"minecraft:silverfish":2,"minecraft:drowned":2,"born_in_chaos_v1:corpse_fish":7,"undead_revamp2:crackleball":1,"born_in_chaos_v1:spiritof_chaos":1,"born_in_chaos_v1:fallen_chaos_knight":1,"mowziesmobs:baby_foliaath":1,"minecraft:salmon":4,"undead_revamp2:the_moonflower":5,"undead_revamp2:theheavy":1,"minecraft:sheep":1,"minecraft:zombie":29,"iceandfire:ghost":4,"alexsmobs:terrapin":1,"born_in_chaos_v1:corpse_fly":1,"minecraft:stray":5},"minecraft:dropped":{"minecraft:crafting_table":1,"tombstone:grave_dust":4,"minecraft:chainmail_leggings":1,"minecraft:string":2,"minecraft:carrot":1,"minecraft:tipped_arrow":4,"born_in_chaos_v1:seedof_chaos":1,"undead_revamp2:heavytooth":1,"born_in_chaos_v1:corpse_maggot":1,"minecraft:mossy_stone_bricks":1,"minecraft:bow":2},"minecraft:mined":{"minecraft:dark_oak_planks":98,"minecraft:dark_prismarine":6,"minecraft:red_carpet":1,"minecraft:spruce_planks":1,"farmersdelight:wild_carrots":22,"minecraft:potted_crimson_fungus":1,"minecraft:spruce_trapdoor":1,"minecraft:grass_block":4,"minecraft:spawner":14,"minecraft:tall_seagrass":4,"minecraft:mossy_cobblestone_stairs":1,"dynamictrees:dark_oak_leaves":5,"minecraft:polished_deepslate":1,"minecraft:vine":4,"minecraft:iron_bars":9,"minecraft:stone":147,"minecraft:red_bed":3,"minecraft:crafting_table":6,"minecraft:torch":1,"minecraft:poppy":1,"minecraft:tall_grass":1,"minecraft:seagrass":4,"minecraft:black_bed":1,"minecraft:stone_brick_stairs":1,"minecraft:grass":10,"minecraft:coal_ore":10,"minecraft:sand":1,"minecraft:dirt":21,"minecraft:cracked_stone_bricks":3,"minecraft:stone_bricks":1,"minecraft:mossy_stone_bricks":2}},"DataVersion":3465}